idAlt,idArtBreeder,notes,gender,greenskin,url,delCand,createdw
1,b4caf5100127a34f33f8,"Not green, white skin pale, red lipstick, eyeliner, slightly pointed ear, appears to be wearing a fur coat, style of chalk",5,0,https://artbreeder.com/i?k=b4caf5100127a34f33f8,0,ab
2,5e1c1f3447b010771337,"witchy, w eyeliner",5,1,https://artbreeder.com/i?k=5e1c1f3447b010771337,0,ab
3,9cdc2f1cdad46c695c67,"sullen expression, green skin, gender indeterminate, grey hair, pointed ears",4,1,https://artbreeder.com/i?k=9cdc2f1cdad46c695c67,0,ab
4,5878a9a82ea25e51a605,"green, illustration style",3,1,https://artbreeder.com/i?k=5878a9a82ea25e51a605,0,ab
5,7d88e92179891474584c,oversat sepia,5,0,https://artbreeder.com/i?k=7d88e92179891474584c,0,ab
6,217121e959145b9c3807,"bald, green, gender ambiguious",3,1,https://artbreeder.com/i?k=217121e959145b9c3807,0,ab
7,711fa40b87efad031ab4,Blue Illustration,3,0,https://artbreeder.com/i?k=711fa40b87efad031ab4,0,ab
8,2b2b3522c5d55668dc5f,"cute, orange hair",5,1,https://artbreeder.com/i?k=2b2b3522c5d55668dc5f,0,ab
9,e337648c67db82c6b6e6,fat cute female,5,1,https://artbreeder.com/i?k=e337648c67db82c6b6e6,0,ab
10,eb5fb6166e55b002a0e1,fat cute redhead female chubby,5,1,https://artbreeder.com/i?k=eb5fb6166e55b002a0e1,0,ab
11,c274a0ec54082c582d00,smooth with glasses,5,1,https://artbreeder.com/i?k=c274a0ec54082c582d00,0,ab
12,77dd7bb299f76170119f,female cute,5,1,https://artbreeder.com/i?k=77dd7bb299f76170119f,0,ab
13,842a797bc2c084646359,looks human,5,0,https://artbreeder.com/i?k=842a797bc2c084646359,1,ab
14,7b5418614a6bf552eed5,looks human,5,1,https://artbreeder.com/i?k=7b5418614a6bf552eed5,1,ab
15,e5d446859c237efaa9e5,looks vaguely human,5,1,https://artbreeder.com/i?k=e5d446859c237efaa9e5,0,ab
16,1c8eb2fc8c3e18a0a7d8,"large ears, full lips",5,1,https://artbreeder.com/i?k=1c8eb2fc8c3e18a0a7d8,0,ab
17,664cfd2ddbbd48bafe0f,"buck toothed, smooth skin, orange red hair",5,1,https://artbreeder.com/i?k=664cfd2ddbbd48bafe0f,0,ab
18,5b01b0ba8b24c3b011bf,oily green cute female,5,1,https://artbreeder.com/i?k=5b01b0ba8b24c3b011bf,0,ab
19,b1de869b906c00736511,smiling female,5,1,https://artbreeder.com/i?k=b1de869b906c00736511,0,ab
20,cdf43cb8c696a59026c6,green older female purple eyeshadow,5,1,https://artbreeder.com/i?k=cdf43cb8c696a59026c6,0,ab
21,513b357da3909a88c0c0,over sharp purple hair older green female,5,1,https://artbreeder.com/i?k=513b357da3909a88c0c0,0,ab
22,3503d4e88272c2232949,"smooth, pointed ears, blue grey hair",2,1,https://artbreeder.com/i?k=3503d4e88272c2232949,0,ab
23,c13224afb84490c82599,"scaly and greasy wet pale skin, scary, weird",1,0,https://artbreeder.com/i?k=c13224afb84490c82599,0,ab
24,7434bad69fc34028662f,grey,1,0,https://artbreeder.com/i?k=7434bad69fc34028662f,0,ab
25,e44c6715112690d83f30,green male frowny,1,1,https://artbreeder.com/i?k=e44c6715112690d83f30,0,ab
26,03c7c19624177ee36c44,Yellowish stern female,4,1,https://artbreeder.com/i?k=03c7c19624177ee36c44,0,ab
27,bacea44611d98d52f35d,"Barely green, Pink white hair f older",5,1,https://artbreeder.com/i?k=bacea44611d98d52f35d,0,ab
28,7a652718ef3180a1db02,"grey,oversharp,eyes half lidded",2,0,https://artbreeder.com/i?k=7a652718ef3180a1db02,0,ab
29,69b6e16d149938bcc949,wide head older man,1,1,https://artbreeder.com/i?k=69b6e16d149938bcc949,0,ab
30,0ab0a5f5fd0085df69e8,older green female,5,1,https://artbreeder.com/i?k=0ab0a5f5fd0085df69e8,0,ab
31,5a58e0b7001a6cf4e35c,young bright eyed,5,1,https://artbreeder.com/i?k=5a58e0b7001a6cf4e35c,0,ab
32,e4f4de845e17435abfe5cd7f,messy,3,0,https://artbreeder.com/i?k=e4f4de845e17435abfe5cd7f,0,ab
33,13e1950d2d5b521bd65a,"black hair, female, wry expression",5,0,https://artbreeder.com/i?k=13e1950d2d5b521bd65a,0,ab
34,8cbfe566f06287c30b35,bald,2,0,https://artbreeder.com/i?k=8cbfe566f06287c30b35,0,ab
35,609e14859365bb36beee,purple hair dour look ,5,1,https://artbreeder.com/i?k=609e14859365bb36beee,0,ab
36,12d3380324b6b1ae1556,"white grey skin, 3d sculpture look",1,0,https://artbreeder.com/i?k=12d3380324b6b1ae1556,0,ab
37,1be7a06b52c8e4374230,3d alt,2,0,https://artbreeder.com/i?k=1be7a06b52c8e4374230,0,ab
38,332e617005c74b4289befb37,3d wide smile,2,0,https://artbreeder.com/i?k=332e617005c74b4289befb37,0,ab
39,1599ce22c6af11c8a7cd,hat,4,1,https://artbreeder.com/i?k=1599ce22c6af11c8a7cd,0,ab
40,f4300c6fd4bc2ab6bbe5,"rounded ears, concerned expression",2,1,https://artbreeder.com/i?k=f4300c6fd4bc2ab6bbe5,0,ab
41,9b197455c219c5020dea,stern looking,4,1,https://artbreeder.com/i?k=9b197455c219c5020dea,0,ab
42,e37cef2fa471155caea4,wry female alt,5,1,https://artbreeder.com/i?k=e37cef2fa471155caea4,0,ab
43,713fd4d52f578af4f221,oversat,5,1,https://artbreeder.com/i?k=713fd4d52f578af4f221,0,ab
44,b17ffb726df4546fa269,"brown hair, female, green skin, stoic expression",4,1,https://artbreeder.com/i?k=b17ffb726df4546fa269,0,ab
45,dbc38f6332d738170b67,elderly white hair thin lips with lipstick,5,1,https://artbreeder.com/i?k=dbc38f6332d738170b67,0,ab
46,84f21c533acc6d84b034,"not smiling, bald, earrings",3,1,https://artbreeder.com/i?k=84f21c533acc6d84b034,0,ab
47,447587799ee9262260a9,"Similar to 3f1d59ef59899694256b, clean background",2,1,https://artbreeder.com/i?k=447587799ee9262260a9,0,ab
48,3447807db5a8c567ef8f,green fem,5,1,https://artbreeder.com/i?k=3447807db5a8c567ef8f,0,ab
49,5885d6ae5ff989ab7951,yellow eyed green fem,5,1,https://artbreeder.com/i?k=5885d6ae5ff989ab7951,0,ab
50,02621c41b5641b0e5f06,"green fem, red eyes",5,1,https://artbreeder.com/i?k=02621c41b5641b0e5f06,0,ab
51,d4757d80ca07de6e740e,green woman black hair,4,1,https://artbreeder.com/i?k=d4757d80ca07de6e740e,0,ab
52,26682609e5642c15671f,"green skin, longish dirty hair",1,1,https://artbreeder.com/i?k=26682609e5642c15671f,0,ab
53,094101e592cd7ec18cef,"balding, stern expression",1,1,https://artbreeder.com/i?k=094101e592cd7ec18cef,0,ab
54,ba1385943593a554af82,Yellow receding hairline,1,0,https://artbreeder.com/i?k=ba1385943593a554af82,0,ab
55,b190de519c81b1905a4f,yellow head cut off perhaps a hat,2,0,https://artbreeder.com/i?k=b190de519c81b1905a4f,0,ab
56,38ca2a4076a337e48428,Emerald green with hat,1,1,https://artbreeder.com/i?k=38ca2a4076a337e48428,0,ab
57,66040f90e7f46a52484d,"doesn't look like a goblin at all, green elf very delicate features",5,1,https://artbreeder.com/i?k=66040f90e7f46a52484d,0,ab
58,1add9eeb0328c44c2cc9,green elf very delicate features,5,1,https://artbreeder.com/i?k=1add9eeb0328c44c2cc9,0,ab
59,2cc96f93061b966127a2,"yellow looking right, extreme yaw",2,0,https://artbreeder.com/i?k=2cc96f93061b966127a2,0,ab
60,9135d25b456b4a2d1e1e,"glasses, red hair, big nose",5,1,https://artbreeder.com/i?k=9135d25b456b4a2d1e1e,0,ab
61,17df84a564c882cb82e1,"big smile, pointed ears",5,1,https://artbreeder.com/i?k=17df84a564c882cb82e1,0,ab
62,87fa0dcdaa52ca11387c,demon looking green woman with Demon horns,5,1,https://artbreeder.com/i?k=87fa0dcdaa52ca11387c,0,ab
63,5021722597c0f0159d89,smile,5,1,https://artbreeder.com/i?k=5021722597c0f0159d89,0,ab
64,d4deaf069efaa2e330db,Green cute fem red lips,5,1,https://artbreeder.com/i?k=d4deaf069efaa2e330db,0,ab
65,8df131fc524277c80abc,"fem,red eyes, red lips",5,1,https://artbreeder.com/i?k=8df131fc524277c80abc,0,ab
66,0ee46598498e6371acb9,Weird orange brown beard,1,0,https://artbreeder.com/i?k=0ee46598498e6371acb9,0,ab
67,052a97adf0303a44ea23,Emerald green tough guy,1,1,https://artbreeder.com/i?k=052a97adf0303a44ea23,0,ab
68,3f1d59ef59899694256b,Similar to 32bc2e4fc317236b349a,2,1,https://artbreeder.com/i?k=3f1d59ef59899694256b,0,ab
69,32bc2e4fc317236b349a,Sim to 3f1d59ef59899694256b,2,1,https://artbreeder.com/i?k=32bc2e4fc317236b349a,0,ab
70,93b6709ca84fe4e1aa56,Sim to 3f1d59ef59899694256b,2,1,https://artbreeder.com/i?k=93b6709ca84fe4e1aa56,0,ab
71,fc8688275dc60487c445,Pink hair human 2,5,0,https://artbreeder.com/i?k=fc8688275dc60487c445,1,ab
72,878815ea1ad8d999b9ff,Pink hair human 3,5,0,https://artbreeder.com/i?k=878815ea1ad8d999b9ff,1,ab
73,2139f7bab8e0336be2f5,Pink hair human 1,5,0,https://artbreeder.com/i?k=2139f7bab8e0336be2f5,1,ab
74,df2034f260efba56dbeb,witchy with hat,5,1,https://artbreeder.com/i?k=df2034f260efba56dbeb,0,ab
75,e05d813cead8fd2df627,Huge forehead,1,1,https://artbreeder.com/i?k=e05d813cead8fd2df627,0,ab
76,593fbd45bac9dabbce2e,Bald tough green dude ,1,1,https://artbreeder.com/i?k=593fbd45bac9dabbce2e,0,ab
77,62fd7cd45c4474f80b67,Bald tough green dude ,1,1,https://artbreeder.com/i?k=62fd7cd45c4474f80b67,0,ab
78,19b643ee6755bae12903,"bald, looks tough, green skin, firm jaw",1,1,https://artbreeder.com/i?k=19b643ee6755bae12903,0,ab
79,04c5cff3b2c644dbe669,"bald, big ears",1,1,https://artbreeder.com/i?k=04c5cff3b2c644dbe669,0,ab
80,50a6a9a013d5493fac49,"pointed ears, yellow hair, green eyes, olive skin",5,1,https://artbreeder.com/i?k=50a6a9a013d5493fac49,0,ab
81,b9cdff01ad0f5425eb63,bald intense eyes,1,1,https://artbreeder.com/i?k=b9cdff01ad0f5425eb63,0,ab
82,4886804ec254e46f5a78,red eyes,5,1,https://artbreeder.com/i?k=4886804ec254e46f5a78,0,ab
83,0551372bdc314dd9feed,"lime green skin, brown hair, make-up",5,1,https://artbreeder.com/i?k=0551372bdc314dd9feed,0,ab
84,8f7242dcb2dae4fa653c,red eyes,5,1,https://artbreeder.com/i?k=8f7242dcb2dae4fa653c,0,ab
85,93b166bef4cbe3badf6e,red eyes,5,1,https://artbreeder.com/i?k=93b166bef4cbe3badf6e,0,ab
86,13f9e3047ab6763b9ae2,"slender almond face, brown hair",5,1,https://artbreeder.com/i?k=13f9e3047ab6763b9ae2,0,ab
87,884cb8d3c48cbaf89142,"disgusted expression, broken nose, reddish hair, green skin, big rounded ears",2,1,https://artbreeder.com/i?k=884cb8d3c48cbaf89142,0,ab
88,e293ee99e9a5697e9b81,"disgusted expression, pointed ears",3,1,https://artbreeder.com/i?k=e293ee99e9a5697e9b81,0,ab
89,dbd1b2af0693327d2d17,defiant expression,2,1,https://artbreeder.com/i?k=dbd1b2af0693327d2d17,0,ab
90,cda0b66d704065c8e9a6,,1,1,https://artbreeder.com/i?k=cda0b66d704065c8e9a6,0,ab
91,a4fcd68c2c893d29b09a,"shoulder length hair, dark hair, dark lips",1,1,https://artbreeder.com/i?k=a4fcd68c2c893d29b09a,0,ab
92,bb2723bb485ba45b24d7,"child, baby, intense expression, bald",3,0,https://artbreeder.com/i?k=bb2723bb485ba45b24d7,0,ab
93,0878dbdd1a2133b95e1b,"smiling, reddish brown hair",5,1,https://artbreeder.com/i?k=0878dbdd1a2133b95e1b,0,ab
94,cf8b99c2952d1feb869a,"female, red lipstick, reddish hair, green skin, earrings, teary eyed, big round ears",5,1,https://artbreeder.com/i?k=cf8b99c2952d1feb869a,0,ab
95,c4dfe1b5dcb2295de680,"pale white skin, looks much more like a pixie than a traditional goblin, purple pixie",5,0,https://artbreeder.com/i?k=c4dfe1b5dcb2295de680,0,ab
96,cf2b3466d2a2b82c29a1,"gaunt dude with hat, does not look like a goblin, facial stubble",1,0,https://artbreeder.com/i?k=cf2b3466d2a2b82c29a1,0,ab
97,0245728a375322920adb,glasses and a 2nd figure on right,5,1,https://artbreeder.com/i?k=0245728a375322920adb,0,ab
98,6d5efcae3231c6dd52ed,"hat, slender",1,1,https://artbreeder.com/i?k=6d5efcae3231c6dd52ed,0,ab
99,a3c0e83122898920ecc0,"hat, red eyes",1,1,https://artbreeder.com/i?k=a3c0e83122898920ecc0,1,ab
100,48cf0445e5af4cd90170,egg yolk eyes,2,1,https://artbreeder.com/i?k=48cf0445e5af4cd90170,1,ab
101,d25dce898fd3195946ca,male with hat,1,1,https://artbreeder.com/i?k=d25dce898fd3195946ca,0,ab
102,01382e551c6a8916afe0,"big ears, troubled expression",2,1,https://artbreeder.com/i?k=01382e551c6a8916afe0,0,ab
103,f40f937d4cda9751a719,grey white hair,3,0,https://artbreeder.com/i?k=f40f937d4cda9751a719,0,ab
104,f23fb53dada43491dc2a,"male, oversatuated with hat, green on green",1,1,https://artbreeder.com/i?k=f23fb53dada43491dc2a,0,ab
105,87e1e74ec776395f9c42,older red eyes male w hat,1,1,https://artbreeder.com/i?k=87e1e74ec776395f9c42,0,ab
106,ebae0d847f0e43eb49a7,"mustache, hat",1,1,https://artbreeder.com/i?k=ebae0d847f0e43eb49a7,0,ab
107,dcc78f0683a2de793ae0,hat oversat pink background,1,1,https://artbreeder.com/i?k=dcc78f0683a2de793ae0,0,ab
108,9c8c932723dda67001bb,oversat w hat,1,1,https://artbreeder.com/i?k=9c8c932723dda67001bb,0,ab
109,9e40ce9a7c2e90a3f907,peach colored w hat,1,0,https://artbreeder.com/i?k=9e40ce9a7c2e90a3f907,0,ab
110,3bbcd07ea5da8da578db,looks human,5,1,https://artbreeder.com/i?k=3bbcd07ea5da8da578db,0,ab
111,3347ff4c8b9692554654,"tan skinned, gaunt",3,0,https://artbreeder.com/i?k=3347ff4c8b9692554654,0,ab
112,3b5dc620134044f00d7f,"red skinned, gaunt",1,0,https://artbreeder.com/i?k=3b5dc620134044f00d7f,0,ab
113,153c234999e369c9298f,"smooth cute female, earrings, makeup, blond hair, smiling",5,1,https://artbreeder.com/i?k=153c234999e369c9298f,0,ab
114,502dac87ab56c60634d1,"pointed ears, style of sloppy painting",5,1,https://artbreeder.com/i?k=502dac87ab56c60634d1,0,ab
115,b2b1c66ee912cbaa86fd,"orange hair, plump face, confident expression",5,1,https://artbreeder.com/i?k=b2b1c66ee912cbaa86fd,0,ab
116,04e665af865f82b23fd3,"frowning, long hair",1,0,https://artbreeder.com/i?k=04e665af865f82b23fd3,0,ab
117,de11590f3b2f01a202fb,disdainful expression,1,1,https://artbreeder.com/i?k=de11590f3b2f01a202fb,0,ab
118,627060ef03fe0a28e40d,"blue eyes, more ogre than goblin",1,0,https://artbreeder.com/i?k=627060ef03fe0a28e40d,0,ab
119,0c226b9ba195775ecf18,"purple skin, red hair",3,0,https://artbreeder.com/i?k=0c226b9ba195775ecf18,0,ab
120,03103dd9e7e3f65b4214,"white skin, insane look",1,0,https://artbreeder.com/i?k=03103dd9e7e3f65b4214,0,ab
121,031d9746befa32e490f6,"green skin, brown hair parted to one side, not smiling",3,1,https://artbreeder.com/i?k=031d9746befa32e490f6,0,ab
122,ec2edeeec215e68b54e9,,1,1,https://artbreeder.com/i?k=ec2edeeec215e68b54e9,0,ab
123,b5d8234eaab6f25498c1,"adolescent, human looking, long blonde hair, red lips",5,0,https://artbreeder.com/i?k=b5d8234eaab6f25498c1,0,ab
124,24c2009db704e2ca8da1,"human looking, long blonde hair, red lips",5,0,https://artbreeder.com/i?k=24c2009db704e2ca8da1,1,ab
125,1eba188659edfffcb90c,"smiling, avocado green skin, more fairy than goblin",4,1,https://artbreeder.com/i?k=1eba188659edfffcb90c,0,ab
126,ea2ddcf18a44bcef813d,"avocado green skin, purple eyes, red lips",3,1,https://artbreeder.com/i?k=ea2ddcf18a44bcef813d,0,ab
127,d8b4e6870f1668556719,"fatheaded, avocado green skin",4,1,https://artbreeder.com/i?k=d8b4e6870f1668556719,0,ab
128,a5347294315437f4bd3b,fatheaded,1,1,https://artbreeder.com/i?k=a5347294315437f4bd3b,0,ab
129,865a3d715af98f9bcfa4,bald,1,0,https://artbreeder.com/i?k=865a3d715af98f9bcfa4,0,ab
130,5f7654de02f513a11b36,bald,1,1,https://artbreeder.com/i?k=5f7654de02f513a11b36,0,ab
131,a33f6e0383635f0fa45a,bald,3,0,https://artbreeder.com/i?k=a33f6e0383635f0fa45a,0,ab
132,fcaeec5cd186450300f3,bulbous ears,2,1,https://artbreeder.com/i?k=fcaeec5cd186450300f3,0,ab
133,fff721ad327a024e8260,"red eyes, wet skin",5,1,https://artbreeder.com/i?k=fff721ad327a024e8260,0,ab
134,1146c7e55ca97d42fc88,"mottled skin, white hair, looks disheveled, not smiling",2,1,https://artbreeder.com/i?k=1146c7e55ca97d42fc88,0,ab
135,9c385c1a639fa252deff,bald,1,1,https://artbreeder.com/i?k=9c385c1a639fa252deff,0,ab
136,ef1a97a83b96f638b4a6,bald,1,1,https://artbreeder.com/i?k=ef1a97a83b96f638b4a6,0,ab
137,833be5f57c33d8555d90,bald,1,1,https://artbreeder.com/i?k=833be5f57c33d8555d90,0,ab
138,55a1131ed38a31c51a6a,bald,1,1,https://artbreeder.com/i?k=55a1131ed38a31c51a6a,0,ab
139,08fb81b4616ba21d6351,"bald, distorted mutant appearance, dark green skin",1,1,https://artbreeder.com/i?k=08fb81b4616ba21d6351,0,ab
140,e48618b672bd8f6119ec,,4,1,https://artbreeder.com/i?k=e48618b672bd8f6119ec,0,ab
141,78c7f1f551d372ed8bda,,4,1,https://artbreeder.com/i?k=78c7f1f551d372ed8bda,0,ab
142,833e817a1ead2d79181d,fish like skin,4,1,https://artbreeder.com/i?k=833e817a1ead2d79181d,0,ab
143,adfde754e4824b4a471c,"ears not pointed, poor quality, startled expression",4,0,https://artbreeder.com/i?k=adfde754e4824b4a471c,1,ab
144,4590e9a31bf1e1a058d2,"absurdly large eyes, weird",4,1,https://artbreeder.com/i?k=4590e9a31bf1e1a058d2,0,ab
145,067290ad1bc2e9ee2356,dark green skin,3,1,https://artbreeder.com/i?k=067290ad1bc2e9ee2356,0,ab
146,483964a4d61c8cdc16e7,"eyes wide, mouth open, hat",2,1,https://artbreeder.com/i?k=483964a4d61c8cdc16e7,0,ab
147,003a3067a686f2254128,"bald, wry smile, pointed ears",1,1,https://artbreeder.com/i?k=003a3067a686f2254128,0,ab
148,8cd37da181afdf7f6dda,"poor quality, insane expression, brown skin",4,0,https://artbreeder.com/i?k=8cd37da181afdf7f6dda,1,ab
149,a54e47ce871c9d6d0186,"strange eyes, black hair",5,1,https://artbreeder.com/i?k=a54e47ce871c9d6d0186,0,ab
150,2f04beced33f868752c8,"hat,small rounded ear, big eyes",1,1,https://artbreeder.com/i?k=2f04beced33f868752c8,1,ab
151,1731252fa5ad38dd5ed2,"grey green skin, clay complexion, vaguely smiling, shortish hair",4,1,https://artbreeder.com/i?k=1731252fa5ad38dd5ed2,0,ab
152,67a1ea8a6a25bba29cf1,smiling expression,3,1,https://artbreeder.com/i?k=67a1ea8a6a25bba29cf1,0,ab
153,e7596d488a871d18522b,overjoyed expression,5,1,https://artbreeder.com/i?k=e7596d488a871d18522b,0,ab
154,86abf954f3f4c951704f,,4,1,https://artbreeder.com/i?k=86abf954f3f4c951704f,0,ab
155,ad5e9c1f92c583dc5fda,,5,1,https://artbreeder.com/i?k=ad5e9c1f92c583dc5fda,0,ab
156,a4274e0c9e1a82538f4b,"green eyes, thin lips, neutral expression",2,1,https://artbreeder.com/i?k=a4274e0c9e1a82538f4b,0,ab
157,6e2de4174581527e7d96,doesn't look like a goblin,2,0,https://artbreeder.com/i?k=6e2de4174581527e7d96,1,ab
158,2b674523432ce8b605f6,"bald, pointed ears, dark background",2,0,https://artbreeder.com/i?k=2b674523432ce8b605f6,0,ab
159,0f0a5e92c3925e86948f,"pointed ears, irritated expression",1,0,https://artbreeder.com/i?k=0f0a5e92c3925e86948f,0,ab
160,9231eb168117b4ad252d,"bald, pointed ears",2,0,https://artbreeder.com/i?k=9231eb168117b4ad252d,0,ab
161,bac93af82cabc5df6554,"bald, pointed ears",1,0,https://artbreeder.com/i?k=bac93af82cabc5df6554,0,ab
162,0c8810529d836ff6362c,"big pointed ears, eyes open wide, annoyed expression",1,1,https://artbreeder.com/i?k=0c8810529d836ff6362c,0,ab
163,763226c0b060a2ff9c3a,bald,1,1,https://artbreeder.com/i?k=763226c0b060a2ff9c3a,0,ab
164,b4292e3565936289738a,"green eyes, thin lips, pointed ears",2,1,https://artbreeder.com/i?k=b4292e3565936289738a,1,ab
165,a1ae1bb8b689b3a78860,,2,1,https://artbreeder.com/i?k=a1ae1bb8b689b3a78860,0,ab
166,9f9636ed0f6b4863e360,,2,1,https://artbreeder.com/i?k=9f9636ed0f6b4863e360,0,ab
167,0c6864c252769f26b2e8,"gumby look, short hair, green lips",4,1,https://artbreeder.com/i?k=0c6864c252769f26b2e8,0,ab
168,2cdc3c13fc155a477bfa,"pursed red lips, large eyes, narrow nose",3,1,https://artbreeder.com/i?k=2cdc3c13fc155a477bfa,0,ab
169,eb0c9963d2ed333904ee,bald,1,1,https://artbreeder.com/i?k=eb0c9963d2ed333904ee,0,ab
170,04218ba4769217853982,"balding, looks tough, neutral expression",1,1,https://artbreeder.com/i?k=04218ba4769217853982,0,ab
171,fd7c87dd5b48014b5301,intense expression,1,1,https://artbreeder.com/i?k=fd7c87dd5b48014b5301,0,ab
172,ecaaa25a809236893994,rainbow colors,3,0,https://artbreeder.com/i?k=ecaaa25a809236893994,0,ab
173,b430394034aa878adb6a,purple,5,0,https://artbreeder.com/i?k=b430394034aa878adb6a,0,ab
174,adf6497addff8198da6e,purple,4,1,https://artbreeder.com/i?k=adf6497addff8198da6e,0,ab
175,e4a852757d5dfbf3d348,"purple, pointed ears",1,0,https://artbreeder.com/i?k=e4a852757d5dfbf3d348,0,ab
176,5d84260c7fe47aad69f9,"rainbow colors,weird",3,0,https://artbreeder.com/i?k=5d84260c7fe47aad69f9,1,ab
177,f581ce7783558a7b615c,"red nose, blue eyes",3,1,https://artbreeder.com/i?k=f581ce7783558a7b615c,1,ab
178,e3418ca63fd4e3f5ee99,"purple, distorted, psychadelic",2,1,https://artbreeder.com/i?k=e3418ca63fd4e3f5ee99,0,ab
179,3467a7a8b1575c99dd8e,"young female adule, red hair, green lips",5,1,https://artbreeder.com/i?k=3467a7a8b1575c99dd8e,0,ab
180,44046587518c95248cfa,"human looking, grey skin",1,1,https://artbreeder.com/i?k=44046587518c95248cfa,1,ab
181,23cef8fa0522dfc261fe,"fatheaded, smiling, blue eyeshadow",2,1,https://artbreeder.com/i?k=23cef8fa0522dfc261fe,0,ab
182,0e038cfaf94494244a58,fatheaded,3,1,https://artbreeder.com/i?k=0e038cfaf94494244a58,1,ab
183,f5f51b2ca086100e1c9f,purple,1,0,https://artbreeder.com/i?k=f5f51b2ca086100e1c9f,0,ab
184,69bf1767a2019fb02054,"fatheaded, avocado green skin, smug expression",1,1,https://artbreeder.com/i?k=69bf1767a2019fb02054,0,ab
185,19bb8384a72ceeb5d37a,"fatheaded, looks weary",3,1,https://artbreeder.com/i?k=19bb8384a72ceeb5d37a,0,ab
186,143b2795a4325376da4b,fatheaded,3,1,https://artbreeder.com/i?k=143b2795a4325376da4b,0,ab
187,8a13de9529f7fe2c89a3,"fatheaded, insane expression, bald",3,1,https://artbreeder.com/i?k=8a13de9529f7fe2c89a3,1,ab
188,a7a4da135a981d256031,"bald, weird, odd nose",3,1,https://artbreeder.com/i?k=a7a4da135a981d256031,0,ab
189,42f0acedcda12d21f84f,"group of shiny lookalikes, bald",1,1,https://artbreeder.com/i?k=42f0acedcda12d21f84f,0,ab
190,2f48fa7f52fb23826392,"group of shiny lookalikes, bald",1,1,https://artbreeder.com/i?k=2f48fa7f52fb23826392,0,ab
191,f6fdebb1ba48a9c4f995,"bald, weird, odd nose",1,0,https://artbreeder.com/i?k=f6fdebb1ba48a9c4f995,0,ab
192,0d8962fa4b6bc0314bde,"group of shiny lookalikes, bald,",1,1,https://artbreeder.com/i?k=0d8962fa4b6bc0314bde,0,ab
193,3b67f2e6f99772088b83,"group of shiny lookalikes, bald,",1,1,https://artbreeder.com/i?k=3b67f2e6f99772088b83,0,ab
194,866382222cc347835850,"group of shiny lookalikes, bald,",1,1,https://artbreeder.com/i?k=866382222cc347835850,0,ab
195,1123784b1b002047756a,"group of shiny lookalikes, bald,",1,1,https://artbreeder.com/i?k=1123784b1b002047756a,0,ab
196,fb191aae45e06d487928,"group of shiny lookalikes, bald,",1,1,https://artbreeder.com/i?k=fb191aae45e06d487928,0,ab
197,3c69773035fb9f81703e,"group of shiny lookalikes, bald,",1,1,https://artbreeder.com/i?k=3c69773035fb9f81703e,0,ab
198,77f8e5f55d57518f557f,"group of shiny lookalikes, bald,",1,1,https://artbreeder.com/i?k=77f8e5f55d57518f557f,0,ab
199,93b4e4d2962356bfe59f,"group of shiny lookalikes, bald,",1,1,https://artbreeder.com/i?k=93b4e4d2962356bfe59f,0,ab
200,2958e2c19b01c3cd5a07,"group of shiny lookalikes, bald,",1,1,https://artbreeder.com/i?k=2958e2c19b01c3cd5a07,0,ab
201,842074c95d8b57d79388,"group of shiny lookalikes, bald,",1,1,https://artbreeder.com/i?k=842074c95d8b57d79388,0,ab
202,28da01aecb8ff92df835,"group of shiny lookalikes, bald,",1,1,https://artbreeder.com/i?k=28da01aecb8ff92df835,0,ab
203,a3ba29c42c19fceab036,"group of shiny lookalikes, bald,",1,1,https://artbreeder.com/i?k=a3ba29c42c19fceab036,0,ab
204,dd2113d8e3fb53a7434b,"group of shiny lookalikes, bald,",1,1,https://artbreeder.com/i?k=dd2113d8e3fb53a7434b,0,ab
205,7969b2031e8ced7a4367,"group of shiny lookalikes, bald,",1,1,https://artbreeder.com/i?k=7969b2031e8ced7a4367,0,ab
206,5da6438407dfa3fb7f3d,"group of shiny lookalikes, bald,",1,1,https://artbreeder.com/i?k=5da6438407dfa3fb7f3d,0,ab
207,bf9d5a2dddb1241dc4f7,"group of shiny lookalikes, bald,",1,1,https://artbreeder.com/i?k=bf9d5a2dddb1241dc4f7,0,ab
208,0c24ac518174384bda64,"group of shiny lookalikes, bald,, bald, smiling",1,1,https://artbreeder.com/i?k=0c24ac518174384bda64,0,ab
209,90b46e44200ce7333295,"group of shiny lookalikes, bald",1,1,https://artbreeder.com/i?k=90b46e44200ce7333295,0,ab
210,d45c45895766459ec214,"group of shiny lookalikes, bald",1,1,https://artbreeder.com/i?k=d45c45895766459ec214,1,ab
211,75959a5399246a75cc8b,"group of shiny lookalikes, bald",1,1,https://artbreeder.com/i?k=75959a5399246a75cc8b,0,ab
212,1412ee9003009f8d3c02,"group of shiny lookalikes, bald, bemused expression",1,1,https://artbreeder.com/i?k=1412ee9003009f8d3c02,0,ab
213,76c821cbd21800821f4f,"group of shiny lookalikes, bald",1,1,https://artbreeder.com/i?k=76c821cbd21800821f4f,0,ab
214,ead9a2ccecb125e9fb09,"group of shiny lookalikes, bald",1,1,https://artbreeder.com/i?k=ead9a2ccecb125e9fb09,0,ab
215,e393ee69ab716d01abae,"group of shiny lookalikes, bald",1,1,https://artbreeder.com/i?k=e393ee69ab716d01abae,0,ab
216,dc485ad4ea7d097bcdf7,"group of shiny lookalikes, bald",1,1,https://artbreeder.com/i?k=dc485ad4ea7d097bcdf7,0,ab
217,5c7ace99dfce39f081a4,"mottled grey skin, bald",1,1,https://artbreeder.com/i?k=5c7ace99dfce39f081a4,0,ab
218,a73fc7e5d5c2c63e9256,smiling expression,5,1,https://artbreeder.com/i?k=a73fc7e5d5c2c63e9256,0,ab
219,556f27f4b3ec9d5bc6df,,5,1,https://artbreeder.com/i?k=556f27f4b3ec9d5bc6df,0,ab
220,0e9a7a28d936665a5acf,"long hair, pale green skin, more human than goblin, neutral expression",5,1,https://artbreeder.com/i?k=0e9a7a28d936665a5acf,0,ab
221,3a272ef1641c79dad91f,,5,1,https://artbreeder.com/i?k=3a272ef1641c79dad91f,0,ab
222,9018a4a1eef1fa4c83f8,,5,1,https://artbreeder.com/i?k=9018a4a1eef1fa4c83f8,0,ab
223,32f0c759bfa2e60dbfa7,unruly hair,5,1,https://artbreeder.com/i?k=32f0c759bfa2e60dbfa7,0,ab
224,97f860e00bfd8590f0c1,"style of blurred oil painting, low quality",1,1,https://artbreeder.com/i?k=97f860e00bfd8590f0c1,0,ab
225,4e424cbeb85c01852fa4,avocado green skin,5,1,https://artbreeder.com/i?k=4e424cbeb85c01852fa4,0,ab
226,61cfaed1ed0248803100,avocado green skin,5,1,https://artbreeder.com/i?k=61cfaed1ed0248803100,0,ab
227,469fb371b07dc50d788e,"avocado green skin, exact copy of 228",5,1,https://artbreeder.com/i?k=469fb371b07dc50d788e,0,ab
228,6196290246a70c4dd150,"avocado green skin, exact copy of 227",5,1,https://artbreeder.com/i?k=6196290246a70c4dd150,1,ab
229,d980690aff0be534db89,,5,1,https://artbreeder.com/i?k=d980690aff0be534db89,0,ab
230,04c8f8633b71f948fe9d,"smiling, grey green skin, brown hair",4,1,https://artbreeder.com/i?k=04c8f8633b71f948fe9d,0,ab
231,f893fb3e63e033c27752,long purple hair,5,1,https://artbreeder.com/i?k=f893fb3e63e033c27752,0,ab
232,2b37ecb1d32d095377df,"fem, long purple hair",5,1,https://artbreeder.com/i?k=2b37ecb1d32d095377df,0,ab
233,df68509d0f5e33c93bbf,fem,5,0,https://artbreeder.com/i?k=df68509d0f5e33c93bbf,0,ab
234,0bd58cc8b422f295a81e,"fem, mouth open, long purple hair",5,1,https://artbreeder.com/i?k=0bd58cc8b422f295a81e,0,ab
235,c48ced6b652bcc66624c,"fem, long blonde hair, ivory yellow skin",5,1,https://artbreeder.com/i?k=c48ced6b652bcc66624c,0,ab
236,4e2e46bd7d031c14fa2e,fem,5,1,https://artbreeder.com/i?k=4e2e46bd7d031c14fa2e,0,ab
237,4ca7763f2a73c4634930,"female, green hair, lower quality",5,1,https://artbreeder.com/i?k=4ca7763f2a73c4634930,0,ab
238,b1e37e3c2a87b59214d6,fem,5,1,https://artbreeder.com/i?k=b1e37e3c2a87b59214d6,0,ab
239,55dc28fc80cbbb994c4c,fem,5,0,https://artbreeder.com/i?k=55dc28fc80cbbb994c4c,0,ab
240,8625b52d6263f365daeb,pointy ear big hair lookalike group,5,0,https://artbreeder.com/i?k=8625b52d6263f365daeb,0,ab
241,90a5283df5ddd0104885,pointy ear big hair lookalike group,5,0,https://artbreeder.com/i?k=90a5283df5ddd0104885,0,ab
242,902ec84d3613a6b109fb,"blue, pointy ears, concerned expression",1,0,https://artbreeder.com/i?k=902ec84d3613a6b109fb,0,ab
243,3582102fb35c737281a4,,1,1,https://artbreeder.com/i?k=3582102fb35c737281a4,0,ab
244,6663fbd900977ea1b668,pointy ear big hair lookalike group,3,0,https://artbreeder.com/i?k=6663fbd900977ea1b668,0,ab
245,54c6c6be2f29c9fa9568,pointy ear big hair lookalike group,4,0,https://artbreeder.com/i?k=54c6c6be2f29c9fa9568,0,ab
246,bfd113cc2925e6d6bc15,pointy ear big hair lookalike group,1,0,https://artbreeder.com/i?k=bfd113cc2925e6d6bc15,0,ab
247,96dcc107f6cf54ddd8e2,pointy ear big hair lookalike group,5,0,https://artbreeder.com/i?k=96dcc107f6cf54ddd8e2,0,ab
248,840c7366204ae845f923,pointy ear big hair lookalike group,4,0,https://artbreeder.com/i?k=840c7366204ae845f923,0,ab
249,d3a2ced935236609b78b,pointy ear big hair lookalike group,5,0,https://artbreeder.com/i?k=d3a2ced935236609b78b,0,ab
250,f5a2b7f3e46481682603,"pointy ear big hair lookalike group, red skin, red hair",2,0,https://artbreeder.com/i?k=f5a2b7f3e46481682603,0,ab
251,bc867664833cfd6f4896,"red, bald",1,0,https://artbreeder.com/i?k=bc867664833cfd6f4896,0,ab
252,ff37f49e0256ee5a95be,,3,0,https://artbreeder.com/i?k=ff37f49e0256ee5a95be,0,ab
253,de6ee9fab8d42507e579,,5,1,https://artbreeder.com/i?k=de6ee9fab8d42507e579,0,ab
254,ed42c2216d450fab0371,fem,5,1,https://artbreeder.com/i?k=ed42c2216d450fab0371,0,ab
255,df981cf40a756573032f,"pointy ears, aggressive expression",1,1,https://artbreeder.com/i?k=df981cf40a756573032f,0,ab
256,9de8fcd6802a93d43519,bald,2,0,https://artbreeder.com/i?k=9de8fcd6802a93d43519,0,ab
257,9cb09335d74791a387a9,"bald, clown",1,0,https://artbreeder.com/i?k=9cb09335d74791a387a9,0,ab
258,c8d1f882b963b2311b6a,"bald, clown, weird",3,0,https://artbreeder.com/i?k=c8d1f882b963b2311b6a,1,ab
259,819e77e501164541febd,"bald, clown",1,0,https://artbreeder.com/i?k=819e77e501164541febd,0,ab
260,e7dc5550760ecd0ee552,bald,1,1,https://artbreeder.com/i?k=e7dc5550760ecd0ee552,0,ab
261,71f4dbe5572acd18e739,bald,1,1,https://artbreeder.com/i?k=71f4dbe5572acd18e739,0,ab
262,2332d1876ebfbb144449,"pale white skin, big ears, squinting eyes",5,0,https://artbreeder.com/i?k=2332d1876ebfbb144449,0,ab
263,6fc2c1c642cf73ce0170,"hood, long hair, makeup",5,1,https://artbreeder.com/i?k=6fc2c1c642cf73ce0170,0,ab
264,00763dd6c8cd75de87af,"long hair, big forehead",3,1,https://artbreeder.com/i?k=00763dd6c8cd75de87af,0,ab
265,38c71c0e9a9dfc43f256,,3,1,https://artbreeder.com/i?k=38c71c0e9a9dfc43f256,0,ab
266,87eee9e3d2e282e9550e,,5,1,https://artbreeder.com/i?k=87eee9e3d2e282e9550e,0,ab
267,9f103c36329caa3d5e5e,fem,5,1,https://artbreeder.com/i?k=9f103c36329caa3d5e5e,0,ab
268,8af2c64426a58b22a502,,5,1,https://artbreeder.com/i?k=8af2c64426a58b22a502,0,ab
269,735737d1b449f3423639,earrings,5,1,https://artbreeder.com/i?k=735737d1b449f3423639,0,ab
270,f84359ff183615c15572,fem,5,1,https://artbreeder.com/i?k=f84359ff183615c15572,0,ab
271,ec5a7cf73d0a3cf80d73,bald,1,1,https://artbreeder.com/i?k=ec5a7cf73d0a3cf80d73,0,ab
272,56300ec20dfc230a19fa,"bald, light purple eyes, neutral expression",1,1,https://artbreeder.com/i?k=56300ec20dfc230a19fa,0,ab
273,71e65295e7f33220ddfd,"bald, stern expression",1,1,https://artbreeder.com/i?k=71e65295e7f33220ddfd,0,ab
274,e7667481d11f59185c09,bald,1,1,https://artbreeder.com/i?k=e7667481d11f59185c09,0,ab
275,8059cb887289054be73f,"not very gobliny, has thin lips with lipstick",5,0,https://artbreeder.com/i?k=8059cb887289054be73f,1,ab
276,cdfdf9093a566547dd19,fem,5,1,https://artbreeder.com/i?k=cdfdf9093a566547dd19,0,ab
277,68afa79e346df620510d,fem,5,1,https://artbreeder.com/i?k=68afa79e346df620510d,0,ab
278,5d4b329331a0841d32f5,fem,5,1,https://artbreeder.com/i?k=5d4b329331a0841d32f5,0,ab
279,0dd1727f3d47d68d30b7,"she-hulk green skin, neutral expression",5,1,https://artbreeder.com/i?k=0dd1727f3d47d68d30b7,0,ab
280,d0717ccbb556e43b25f2,fem,5,1,https://artbreeder.com/i?k=d0717ccbb556e43b25f2,0,ab
281,34bcb194ccde8361cd6b,fem,5,1,https://artbreeder.com/i?k=34bcb194ccde8361cd6b,0,ab
282,1042a313c548ebb96d7b,"fem, smiling, no neck or shoulders",5,1,https://artbreeder.com/i?k=1042a313c548ebb96d7b,0,ab
283,c4424fb37d7d4a81757c,shoulder length white hair,1,1,https://artbreeder.com/i?k=c4424fb37d7d4a81757c,0,ab
284,637a70e99b438fe0d4bb,fem,5,1,https://artbreeder.com/i?k=637a70e99b438fe0d4bb,0,ab
285,c824abee081aacac3e02,fem,5,1,https://artbreeder.com/i?k=c824abee081aacac3e02,0,ab
286,1e2fc77fef23dfbbb1dc,fem,5,1,https://artbreeder.com/i?k=1e2fc77fef23dfbbb1dc,0,ab
287,00e67f01bb81bea81b8e,fem,5,1,https://artbreeder.com/i?k=00e67f01bb81bea81b8e,0,ab
288,d1e016e101a0e384ae7c, neon blue goblin,2,0,https://artbreeder.com/i?k=d1e016e101a0e384ae7c,0,ab
289,9072d235c45d0bea8fce,fem,5,1,https://artbreeder.com/i?k=9072d235c45d0bea8fce,0,ab
290,50135412522503a2c2b9,,5,1,https://artbreeder.com/i?k=50135412522503a2c2b9,0,ab
291,7f752f9441198f59c4d4,red or brownish red,4,0,https://artbreeder.com/i?k=7f752f9441198f59c4d4,0,ab
292,290b35cc639257ec1336,red or brownish red,4,0,https://artbreeder.com/i?k=290b35cc639257ec1336,0,ab
293,0851ae3c83902104a83a,red or brownish red,1,0,https://artbreeder.com/i?k=0851ae3c83902104a83a,0,ab
294,ff8ac8bafdf4f8ed8d31,red or brownish red,1,0,https://artbreeder.com/i?k=ff8ac8bafdf4f8ed8d31,0,ab
295,a55e406a31b683df1147,red or brownish red,2,0,https://artbreeder.com/i?k=a55e406a31b683df1147,0,ab
296,165a98ea2f32445e6790,red or brownish red,3,0,https://artbreeder.com/i?k=165a98ea2f32445e6790,0,ab
297,822e1878a3ce19cd5577,red or brownish red,2,0,https://artbreeder.com/i?k=822e1878a3ce19cd5577,0,ab
298,a4ebe81f31961791ddbc,"bald, pointed nose",1,1,https://artbreeder.com/i?k=a4ebe81f31961791ddbc,0,ab
299,a30ef5c3ccc1c9e7fa25,fem,5,0,https://artbreeder.com/i?k=a30ef5c3ccc1c9e7fa25,0,ab
300,59368a6c64211561a105,fem,5,1,https://artbreeder.com/i?k=59368a6c64211561a105,0,ab
301,5c990de6474f2516bc02,fem,5,1,https://artbreeder.com/i?k=5c990de6474f2516bc02,0,ab
302,ee79cbc5af6322d35a5e,,5,1,https://artbreeder.com/i?k=ee79cbc5af6322d35a5e,0,ab
303,994046ae77351113a46b,"red or brownish red, laughing expression",4,0,https://artbreeder.com/i?k=994046ae77351113a46b,0,ab
304,8938a1f9fab6427ddc05,fem,5,1,https://artbreeder.com/i?k=8938a1f9fab6427ddc05,0,ab
305,10f152e7e8f442dd41bd,"youngish, big orange brown hair, red lipstick",5,1,https://artbreeder.com/i?k=10f152e7e8f442dd41bd,0,ab
306,be8dff5b0cd101b86826,fem,5,0,https://artbreeder.com/i?k=be8dff5b0cd101b86826,0,ab
307,93195641e34db601d784,fem,5,1,https://artbreeder.com/i?k=93195641e34db601d784,0,ab
308,7d3bc385349f5e5e1c7d,fem,5,1,https://artbreeder.com/i?k=7d3bc385349f5e5e1c7d,0,ab
309,397105a70d38cbc8474e,fem,5,1,https://artbreeder.com/i?k=397105a70d38cbc8474e,0,ab
310,957b79abfc0cb399338f,fem,5,1,https://artbreeder.com/i?k=957b79abfc0cb399338f,0,ab
311,228c873ba05a05f8b6b2,fem,5,1,https://artbreeder.com/i?k=228c873ba05a05f8b6b2,0,ab
312,83925fa3aa1ee4ce25f5,fem,5,1,https://artbreeder.com/i?k=83925fa3aa1ee4ce25f5,0,ab
313,e788813296f9a16ab2bc,fem,5,1,https://artbreeder.com/i?k=e788813296f9a16ab2bc,0,ab
314,81c0b7617f8a01b6e42d,fem,5,1,https://artbreeder.com/i?k=81c0b7617f8a01b6e42d,0,ab
315,82b02509c613801341b5,fem,5,1,https://artbreeder.com/i?k=82b02509c613801341b5,0,ab
316,0fc60bbc1fbef28dcccc,"female, open mouth, looks scared, purple hair",5,1,https://artbreeder.com/i?k=0fc60bbc1fbef28dcccc,0,ab
317,b8e8a9991ddece9b61d0,glasses,4,1,https://artbreeder.com/i?k=b8e8a9991ddece9b61d0,0,ab
318,a11759fd55c6d8b555da,glasses,5,1,https://artbreeder.com/i?k=a11759fd55c6d8b555da,0,ab
319,df9b896a78a9e604299e,fem,5,1,https://artbreeder.com/i?k=df9b896a78a9e604299e,0,ab
320,051bf553a794a07dc08d,"female, pretty, short hair",5,1,https://artbreeder.com/i?k=051bf553a794a07dc08d,0,ab
321,edfeaa3f79fd835245f8,glasses,5,1,https://artbreeder.com/i?k=edfeaa3f79fd835245f8,0,ab
322,22428fe75b8fc130f450,"not a face, just noise",3,0,https://artbreeder.com/i?k=22428fe75b8fc130f450,1,ab
323,dcafc26441e5b4496d80,,1,1,https://artbreeder.com/i?k=dcafc26441e5b4496d80,0,ab
324,10d0c4dc21afda76cf8d,"eyes narrow, smiling, clean cut hair",1,1,https://artbreeder.com/i?k=10d0c4dc21afda76cf8d,0,ab
325,fe62fe3e85018d1e5342,"red eyes, pointed ears, blurry",3,1,https://artbreeder.com/i?k=fe62fe3e85018d1e5342,0,ab
326,e77a28caa7cf2ddac8e4,,2,0,https://artbreeder.com/i?k=e77a28caa7cf2ddac8e4,0,ab
327,834608e077e302660ff8,"pink skin, deranged expression",2,0,https://artbreeder.com/i?k=834608e077e302660ff8,0,ab
328,c469a495f7e88f8610f4,"yellowish skin, red lips",5,0,https://artbreeder.com/i?k=c469a495f7e88f8610f4,0,ab
329,a83f0facbcae618b715c,"big ears, dark hair, red lips",4,1,https://artbreeder.com/i?k=a83f0facbcae618b715c,0,ab
330,089db8a8fe8667cf51c2,"yellow orange skin, red lips",3,0,https://artbreeder.com/i?k=089db8a8fe8667cf51c2,0,ab
331,72a326386de70951286f,"insane happy expression, slight distortion",5,0,https://artbreeder.com/i?k=72a326386de70951286f,0,ab
332,9c80c8350d33b4d5ada4,fem,5,0,https://artbreeder.com/i?k=9c80c8350d33b4d5ada4,0,ab
333,32209b453382b3ac54d8,fem,5,0,https://artbreeder.com/i?k=32209b453382b3ac54d8,0,ab
334,b798b4ddd00dae8b46c3,fem,5,1,https://artbreeder.com/i?k=b798b4ddd00dae8b46c3,0,ab
335,c43505edf6d8e1f67fdc,,5,1,https://artbreeder.com/i?k=c43505edf6d8e1f67fdc,0,ab
336,ddb6007a98a9a040aafd,,5,1,https://artbreeder.com/i?k=ddb6007a98a9a040aafd,0,ab
337,1077f801e05c62eb35da,"yellow green skin, red lips, blonde short hair",5,1,https://artbreeder.com/i?k=1077f801e05c62eb35da,0,ab
338,720c747c2bea74e68ca3,"pointed ears, crying or laughing expression, mutated nose",2,0,https://artbreeder.com/i?k=720c747c2bea74e68ca3,0,ab
339,e9076d61ba3fe4a1e0e7,"white pink skin, pointed ears",1,0,https://artbreeder.com/i?k=e9076d61ba3fe4a1e0e7,0,ab
340,cd3d148b5a3cc20a0d3d,,1,0,https://artbreeder.com/i?k=cd3d148b5a3cc20a0d3d,0,ab
341,4f2bbda609a8350487dc,,1,0,https://artbreeder.com/i?k=4f2bbda609a8350487dc,0,ab
342,a1f51002ac48d9bc85c5,,1,0,https://artbreeder.com/i?k=a1f51002ac48d9bc85c5,0,ab
343,6c1b012275f62308f85a,,5,1,https://artbreeder.com/i?k=6c1b012275f62308f85a,0,ab
344,ee0d9daab86816e8d03c,,5,0,https://artbreeder.com/i?k=ee0d9daab86816e8d03c,0,ab
345,d7f8ff4bf1bf4381b6d673dc,,5,1,https://artbreeder.com/i?k=d7f8ff4bf1bf4381b6d673dc,0,ab
346,14a48d98f5d0baa34b18,"olive green skin, dark hair, neutral expression",5,1,https://artbreeder.com/i?k=14a48d98f5d0baa34b18,0,ab
347,6055cc70bad31cf9f69c,,1,0,https://artbreeder.com/i?k=6055cc70bad31cf9f69c,0,ab
348,2571ac2424950da6a288,,5,1,https://artbreeder.com/i?k=2571ac2424950da6a288,0,ab
349,893db3ddda7db0208c44,red eyes,5,1,https://artbreeder.com/i?k=893db3ddda7db0208c44,0,ab
350,b13a06532587e9b223cf,red eyes,5,1,https://artbreeder.com/i?k=b13a06532587e9b223cf,0,ab
351,bbbb25636ea3fe1a6fec,red eyes,4,1,https://artbreeder.com/i?k=bbbb25636ea3fe1a6fec,0,ab
352,944e72f345649de252be,red eyes,5,1,https://artbreeder.com/i?k=944e72f345649de252be,0,ab
353,fba8b0710742179fb2ce,red eyes,5,1,https://artbreeder.com/i?k=fba8b0710742179fb2ce,0,ab
354,a9a0b8d148e637fbca80,red eyes,5,1,https://artbreeder.com/i?k=a9a0b8d148e637fbca80,0,ab
355,5fa0897df4e1762dca29,red eyes,5,1,https://artbreeder.com/i?k=5fa0897df4e1762dca29,0,ab
356,63edcceb21a83c3c81b1,red eyes,4,1,https://artbreeder.com/i?k=63edcceb21a83c3c81b1,0,ab
357,81098cec29c4465ad554,red eyes,5,1,https://artbreeder.com/i?k=81098cec29c4465ad554,0,ab
358,7e8e981f3ac237869c3b,red eyes,5,1,https://artbreeder.com/i?k=7e8e981f3ac237869c3b,0,ab
359,bb37b44ee890d64ab239,red eyes,5,1,https://artbreeder.com/i?k=bb37b44ee890d64ab239,0,ab
360,77fc257816e4960fd726,red eyes,5,1,https://artbreeder.com/i?k=77fc257816e4960fd726,0,ab
361,7e4f693b845a772e4975,,3,1,https://artbreeder.com/i?k=7e4f693b845a772e4975,0,ab
362,105a31e2039027ce502d,"red or brownish red skin, fierce smile",1,0,https://artbreeder.com/i?k=105a31e2039027ce502d,0,ab
363,1a7e9ed5a1d9fcef70aa,"red or brownish red, fierce smile",1,0,https://artbreeder.com/i?k=1a7e9ed5a1d9fcef70aa,0,ab
364,d79a4475c56186751f19,red or brownish red,1,0,https://artbreeder.com/i?k=d79a4475c56186751f19,0,ab
365,a9458f4c5017e2c2d4bf,red or brownish red,1,0,https://artbreeder.com/i?k=a9458f4c5017e2c2d4bf,0,ab
366,b0ff7523a7b2073cb1b6,blue,3,0,https://artbreeder.com/i?k=b0ff7523a7b2073cb1b6,0,ab
367,aca2085a8079159fa211,,4,1,https://artbreeder.com/i?k=aca2085a8079159fa211,0,ab
368,f18b51e7f94b2f153aed,blue,5,0,https://artbreeder.com/i?k=f18b51e7f94b2f153aed,0,ab
369,a688b0907bac84db0744,blue,5,0,https://artbreeder.com/i?k=a688b0907bac84db0744,0,ab
370,4e8a652771c6b67a5538,,5,1,https://artbreeder.com/i?k=4e8a652771c6b67a5538,0,ab
371,a59f4ad9833c3e43c761,blue,5,0,https://artbreeder.com/i?k=a59f4ad9833c3e43c761,0,ab
372,55e7078ffad7e0859d5d,,1,1,https://artbreeder.com/i?k=55e7078ffad7e0859d5d,0,ab
373,69b52ec84d441edae91a,,3,1,https://artbreeder.com/i?k=69b52ec84d441edae91a,0,ab
374,ca010ded25bc5d1d62d4,,1,1,https://artbreeder.com/i?k=ca010ded25bc5d1d62d4,0,ab
375,0fe143b5b54f1d19920f,"distorted, grey skin, orange long hair",2,0,https://artbreeder.com/i?k=0fe143b5b54f1d19920f,0,ab
376,307444bb9de8290c7da1,,1,0,https://artbreeder.com/i?k=307444bb9de8290c7da1,0,ab
377,651819159941d20c45a5,bald,1,1,https://artbreeder.com/i?k=651819159941d20c45a5,0,ab
378,c75187c66ab405edcd62,bald,1,1,https://artbreeder.com/i?k=c75187c66ab405edcd62,0,ab
379,3c16ce87c93f15039744,blue skin,5,0,https://artbreeder.com/i?k=3c16ce87c93f15039744,1,ab
380,76891cfeb947d6139d9e,blue skin red hair,5,0,https://artbreeder.com/i?k=76891cfeb947d6139d9e,0,ab
381,9cb601e658551fb169f3,,5,1,https://artbreeder.com/i?k=9cb601e658551fb169f3,0,ab
382,358c8c65c11aed930664,"rounded ears, white skin, stretched face",1,0,https://artbreeder.com/i?k=358c8c65c11aed930664,0,ab
383,f475b8b8932638a068fa,"balding, blue eyes",1,0,https://artbreeder.com/i?k=f475b8b8932638a068fa,0,ab
384,7b1d5af4c9e2231b5717,hulk,1,1,https://artbreeder.com/i?k=7b1d5af4c9e2231b5717,0,ab
385,f1a87ffac1eb086c0f9a,"blue skin, red hair",3,0,https://artbreeder.com/i?k=f1a87ffac1eb086c0f9a,0,ab
386,18e102fd4fb22f114fba,bald,1,1,https://artbreeder.com/i?k=18e102fd4fb22f114fba,0,ab
387,5185857c2c8c720daaf1,bald,1,0,https://artbreeder.com/i?k=5185857c2c8c720daaf1,0,ab
388,b1ce623e3b6238c3f82d,gruff expression,1,1,https://artbreeder.com/i?k=b1ce623e3b6238c3f82d,0,ab
389,56694333ff0751d8cdfa,bald,1,0,https://artbreeder.com/i?k=56694333ff0751d8cdfa,0,ab
390,1632a6501973afa80453,bald,1,0,https://artbreeder.com/i?k=1632a6501973afa80453,0,ab
391,30ce05474a5dc732b133,"pointed ears, makeup, earrings, balding",5,1,https://artbreeder.com/i?k=30ce05474a5dc732b133,0,ab
392,58cc83bc72c8ff0a61c3,eyes nearly closed,1,1,https://artbreeder.com/i?k=58cc83bc72c8ff0a61c3,0,ab
393,124d8d868fea4411916c6a0e,"blue hair, purple lips",5,1,https://artbreeder.com/i?k=124d8d868fea4411916c6a0e,0,ab
394,3cf8bd02bdcb87156eb9,"black hair, looking upward, tearful eyes",3,1,https://artbreeder.com/i?k=3cf8bd02bdcb87156eb9,0,ab
395,f7d59a6571368945fb5d,,1,1,https://artbreeder.com/i?k=f7d59a6571368945fb5d,0,ab
396,7b669acd7b4760bab856,,4,1,https://artbreeder.com/i?k=7b669acd7b4760bab856,0,ab
397,8bd1940b43557dd5a5bd,,3,1,https://artbreeder.com/i?k=8bd1940b43557dd5a5bd,0,ab
398,f460362fc7ca970847d0,,4,1,https://artbreeder.com/i?k=f460362fc7ca970847d0,0,ab
399,a45d9fbf13af6a08937b,,4,1,https://artbreeder.com/i?k=a45d9fbf13af6a08937b,0,ab
400,50e47dbe47ca65044b5f,,1,0,https://artbreeder.com/i?k=50e47dbe47ca65044b5f,0,ab
401,60eb6f1b3101c60cf955,,3,0,https://artbreeder.com/i?k=60eb6f1b3101c60cf955,0,ab
402,e66d7b22e6272f3fad7e,,1,0,https://artbreeder.com/i?k=e66d7b22e6272f3fad7e,0,ab
403,a193dc68ffa4033ec085,bald,1,1,https://artbreeder.com/i?k=a193dc68ffa4033ec085,0,ab
404,3538a27215c58cd246e1,"blue skin, pained expression",1,0,https://artbreeder.com/i?k=3538a27215c58cd246e1,0,ab
405,7e1ab2b25b3b4639e012,"bald, beard",1,1,https://artbreeder.com/i?k=7e1ab2b25b3b4639e012,0,ab
406,41e8bca49f9ae00a7683,"big ears, bald",1,1,https://artbreeder.com/i?k=41e8bca49f9ae00a7683,0,ab
407,c1e8572d21194dcfed67,"big ears, bald",1,1,https://artbreeder.com/i?k=c1e8572d21194dcfed67,0,ab
408,15654375ce59c1ddbfed,"green skin, long hair, narrow focused eyes, thin nose",5,1,https://artbreeder.com/i?k=15654375ce59c1ddbfed,0,ab
409,996d897478ccfa6abbc0,,5,1,https://artbreeder.com/i?k=996d897478ccfa6abbc0,0,ab
410,59d42722d86aab2c212c,,5,1,https://artbreeder.com/i?k=59d42722d86aab2c212c,0,ab
411,a9ba76f0d652255e94a4,"dour expression, long hair",3,1,https://artbreeder.com/i?k=a9ba76f0d652255e94a4,0,ab
412,9bde49ae036732c215a6,,1,0,https://artbreeder.com/i?k=9bde49ae036732c215a6,0,ab
413,585e7f9887547ce8ca53,,1,0,https://artbreeder.com/i?k=585e7f9887547ce8ca53,0,ab
414,6c74e273c6d4b8b615aa,,5,0,https://artbreeder.com/i?k=6c74e273c6d4b8b615aa,0,ab
415,39ffeeeb188fb19a1b32,,5,1,https://artbreeder.com/i?k=39ffeeeb188fb19a1b32,0,ab
416,c513ee300ad97f82e1dd,"fatheaded, pleasant expression",1,1,https://artbreeder.com/i?k=c513ee300ad97f82e1dd,0,ab
417,12dd1d5a01249ae83463,"olive green skin, bald",1,1,https://artbreeder.com/i?k=12dd1d5a01249ae83463,0,ab
418,47b5c9b1dea0007cef52,bald,1,1,https://artbreeder.com/i?k=47b5c9b1dea0007cef52,0,ab
419,5ed019579e3c582e69e9,"balding, nicely textured wrinkled skin",1,1,https://artbreeder.com/i?k=5ed019579e3c582e69e9,0,ab
420,9f693caf2d07901bddf7,,1,1,https://artbreeder.com/i?k=9f693caf2d07901bddf7,0,ab
421,2081ebec3a8b19e94493,bald,1,1,https://artbreeder.com/i?k=2081ebec3a8b19e94493,0,ab
422,d8525467c000d9781356,balding,5,0,https://artbreeder.com/i?k=d8525467c000d9781356,0,ab
423,317322e586e82b61a3ae,"balding, red lips, earrings, pointed ears, neutral expression",5,1,https://artbreeder.com/i?k=317322e586e82b61a3ae,0,ab
424,a163add2449246eb42f4,bald,1,0,https://artbreeder.com/i?k=a163add2449246eb42f4,0,ab
425,6120a0401afbe412a277,startled,1,1,https://artbreeder.com/i?k=6120a0401afbe412a277,0,ab
426,2c6e9c9fdce67204f680,big ears,1,1,https://artbreeder.com/i?k=2c6e9c9fdce67204f680,0,ab
427,e20605ca9a619e56d8e1,big ears,1,1,https://artbreeder.com/i?k=e20605ca9a619e56d8e1,0,ab
428,d03a80ebd7bdc0578958,big ears,1,1,https://artbreeder.com/i?k=d03a80ebd7bdc0578958,0,ab
429,e3af1e08e91d2290f7ee,"fat faced not green, green eyes",1,0,https://artbreeder.com/i?k=e3af1e08e91d2290f7ee,1,ab
430,8e130eaa59c52ba86f69,"fat faced, not green, blue skin",2,0,https://artbreeder.com/i?k=8e130eaa59c52ba86f69,0,ab
431,e553237a24966c4fbcd2,"fat faced not green, eyes closed",1,0,https://artbreeder.com/i?k=e553237a24966c4fbcd2,1,ab
432,b03a6afc9a5dcb1a260b,big ears,1,1,https://artbreeder.com/i?k=b03a6afc9a5dcb1a260b,0,ab
433,85c7031b2497338d6494,,1,1,https://artbreeder.com/i?k=85c7031b2497338d6494,0,ab
434,5d70018227143f61df55,"lime green skin, scared expression, purple lips, green eyes",5,1,https://artbreeder.com/i?k=5d70018227143f61df55,0,ab
435,4ba7c1ebae5fca6781bd,"big ears, bald",1,1,https://artbreeder.com/i?k=4ba7c1ebae5fca6781bd,0,ab
436,d3385f702d26924ebec9,big ears,2,1,https://artbreeder.com/i?k=d3385f702d26924ebec9,0,ab
437,2687e0aeb2b42a11ea7c,big ears,2,1,https://artbreeder.com/i?k=2687e0aeb2b42a11ea7c,0,ab
438,2c7e8ea3af908a78cb80,,1,1,https://artbreeder.com/i?k=2c7e8ea3af908a78cb80,0,ab
439,8638109ed4ead95b617a,brown skinned w irritated look,3,0,https://artbreeder.com/i?k=8638109ed4ead95b617a,0,ab
440,3407e6932f978eb9b1ba,"big ears, dark hair",3,1,https://artbreeder.com/i?k=3407e6932f978eb9b1ba,0,ab
441,7d868ef1202358b7c359,big ears,1,1,https://artbreeder.com/i?k=7d868ef1202358b7c359,0,ab
442,3ec346770563ac034cd4,"light green skin, big ears, style of illustration",1,1,https://artbreeder.com/i?k=3ec346770563ac034cd4,0,ab
443,3c50d996bf2f6b4d23d9,big ears wry look,2,1,https://artbreeder.com/i?k=3c50d996bf2f6b4d23d9,0,ab
444,970e176e7a260e56ef5e,,2,1,https://artbreeder.com/i?k=970e176e7a260e56ef5e,0,ab
445,7d1a27641b1dce773d79,,3,1,https://artbreeder.com/i?k=7d1a27641b1dce773d79,0,ab
446,6f0c5543496a538b53ae,shiny,5,1,https://artbreeder.com/i?k=6f0c5543496a538b53ae,0,ab
447,64414197827f980dd016,"big ears, green lips, narrow nose, dark hair, green eyes, earrings",5,1,https://artbreeder.com/i?k=64414197827f980dd016,0,ab
448,7d1810db1ee65aa95475,"big ears, bald",1,1,https://artbreeder.com/i?k=7d1810db1ee65aa95475,0,ab
449,2d77c45d9f199fb20fde,"child like, grey hair, grey skin",5,0,https://artbreeder.com/i?k=2d77c45d9f199fb20fde,0,ab
450,842a11fd4c2df22bccc4,"big ears, bald",1,0,https://artbreeder.com/i?k=842a11fd4c2df22bccc4,0,ab
451,5d623189d08719705be1,"entranced expression, red lips, big eyes",5,1,https://artbreeder.com/i?k=5d623189d08719705be1,0,ab
452,e466ae7bc702cdeec73c,"the mask, not very goblin like, but green",2,1,https://artbreeder.com/i?k=e466ae7bc702cdeec73c,1,ab
453,44b1f47c78406090fbd8,the mask,2,1,https://artbreeder.com/i?k=44b1f47c78406090fbd8,1,ab
454,5517e78a6bb59a397243,huge hat,5,0,https://artbreeder.com/i?k=5517e78a6bb59a397243,1,ab
455,5acfda3ca84ed14fc2d4,huge blue hat,5,0,https://artbreeder.com/i?k=5acfda3ca84ed14fc2d4,1,ab
456,a2d805e829bd13282d24,big ears,1,0,https://artbreeder.com/i?k=a2d805e829bd13282d24,0,ab
457,dfc2e3786cf37dcd381a,big ears,1,0,https://artbreeder.com/i?k=dfc2e3786cf37dcd381a,0,ab
458,3e011f83181585934405,"red hair, green skin, fairy",5,0,https://artbreeder.com/i?k=3e011f83181585934405,0,ab
459,2029be7ecdd6597865a1,"white skin, smiling, red lipstick, wide face",4,0,https://artbreeder.com/i?k=2029be7ecdd6597865a1,0,ab
460,c0d364ca6d78b3f039bb,"child, white skin, scary, weird, orange hair",2,0,https://artbreeder.com/i?k=c0d364ca6d78b3f039bb,0,ab
461,37fdc7bee8676a47bb68,"pink skin, big ears, more human than goblin",2,0,https://artbreeder.com/i?k=37fdc7bee8676a47bb68,0,ab
462,a2dc5f90382fff4c1c38,"pink skin, big ears, more human than goblin",2,0,https://artbreeder.com/i?k=a2dc5f90382fff4c1c38,0,ab
463,68baa1ae5f169f24c59f,"weird, white skin, red hair, not gob",2,0,https://artbreeder.com/i?k=68baa1ae5f169f24c59f,1,ab
464,6a982a2c7e9949b684c755b5,"big ears, blue lips, surprized expression",5,1,https://artbreeder.com/i?k=6a982a2c7e9949b684c755b5,0,ab
465,3d6b9d9c9997f061180f,"big ears, nice ears, dark hair, neutral expression",1,1,https://artbreeder.com/i?k=3d6b9d9c9997f061180f,0,ab
466,5094032e04914bf59ee723bb,"red hair, green skin,purple eyes, green lips, big ears",4,1,https://artbreeder.com/i?k=5094032e04914bf59ee723bb,0,ab
467,5d6bb420414a0a8d84c2,"dramatic hair, stern expression",2,0,https://artbreeder.com/i?k=5d6bb420414a0a8d84c2,0,ab
468,b8f64e24a4e0dd5e3c04,"drunk expression, clown",3,0,https://artbreeder.com/i?k=b8f64e24a4e0dd5e3c04,0,ab
469,7b0765aa6786b161f5d4,"blue hair, pointed ears",2,0,https://artbreeder.com/i?k=7b0765aa6786b161f5d4,0,ab
470,01538f37741db5d43893,"big ears, tough looking, pointed ears, bald",1,0,https://artbreeder.com/i?k=01538f37741db5d43893,0,ab
471,b9a5ca8a990f2f6c3846,"big ears, bald",1,0,https://artbreeder.com/i?k=b9a5ca8a990f2f6c3846,0,ab
472,fbae321bc991f83b63c9,"big ears, bald, earrings, grey skin",1,0,https://artbreeder.com/i?k=fbae321bc991f83b63c9,0,ab
473,d82710dce653a3172eba,"big ears, balding, earrings, green skin, stern expression",1,1,https://artbreeder.com/i?k=d82710dce653a3172eba,0,ab
474,c5f2dc687e34b8d72105,"big ears, balding",4,0,https://artbreeder.com/i?k=c5f2dc687e34b8d72105,0,ab
475,92112a5a3814351147ac,"big ears, bald, green skin",1,1,https://artbreeder.com/i?k=92112a5a3814351147ac,0,ab
476,e4b65d855486c67871cb,purple lips,2,0,https://artbreeder.com/i?k=e4b65d855486c67871cb,0,ab
477,77247fabca425e90f3f5,"bald, purple lips, pointed ears",4,0,https://artbreeder.com/i?k=77247fabca425e90f3f5,0,ab
478,2c66245ba7e33e2f155b,"bald, knowing smile, make-up",4,1,https://artbreeder.com/i?k=2c66245ba7e33e2f155b,0,ab
479,9c57ae975cf73003de4b,"bald, purple lips",3,1,https://artbreeder.com/i?k=9c57ae975cf73003de4b,0,ab
480,f4fbb67c60e070d5d455,"purple lips, veil",5,1,https://artbreeder.com/i?k=f4fbb67c60e070d5d455,0,ab
481,9d0a20400c1e2281844d,"balding, veil, red lips, purple eyebrows",3,1,https://artbreeder.com/i?k=9d0a20400c1e2281844d,0,ab
482,fefcff1b1e8ded15950c,bald,1,0,https://artbreeder.com/i?k=fefcff1b1e8ded15950c,0,ab
483,8ccd2c5d05df4a1beed4,"big ears, bald",1,0,https://artbreeder.com/i?k=8ccd2c5d05df4a1beed4,0,ab
484,0054144c9bb34913bec4ae5c,blue green hair,5,1,https://artbreeder.com/i?k=0054144c9bb34913bec4ae5c,0,ab
485,05ee15afd3864e2690201586,"purple hair, looks scared",5,1,https://artbreeder.com/i?k=05ee15afd3864e2690201586,0,ab
486,2804359533ef494c92ab9ccc,"blurry, cartoon style, puple hair, red nose, red lips",4,1,https://artbreeder.com/i?k=2804359533ef494c92ab9ccc,0,ab
487,950b382dc577360fc010,big ears,1,1,https://artbreeder.com/i?k=950b382dc577360fc010,0,ab
488,6e445fb73d302f49aa91,"big ears, red hat, pale skin",5,1,https://artbreeder.com/i?k=6e445fb73d302f49aa91,0,ab
489,4cb1c5279092f921793f,"stern expression, green skin, shoulder length hair",1,1,https://artbreeder.com/i?k=4cb1c5279092f921793f,0,ab
490,8bd481d3b4cff98c72ec,"neutral expression, style of illustration",1,1,https://artbreeder.com/i?k=8bd481d3b4cff98c72ec,0,ab
491,85c656a97ca1dccefa7b,"bald, white cream background",1,0,https://artbreeder.com/i?k=85c656a97ca1dccefa7b,0,ab
492,35cb2ecf2dcea077a7f0,1 of 5 look alikes not green w green background,1,0,https://artbreeder.com/i?k=35cb2ecf2dcea077a7f0,0,ab
493,3da84ba38f93c884a048,2 of 5 look alikes not green w green background,1,0,https://artbreeder.com/i?k=3da84ba38f93c884a048,0,ab
494,d5e0a27900130c2c9ba1,3 of 5  look alikes not green w green background,1,0,https://artbreeder.com/i?k=d5e0a27900130c2c9ba1,0,ab
495,29ee3471c9f3c1b47513,4 of 5 look alikes not green w green background,1,0,https://artbreeder.com/i?k=29ee3471c9f3c1b47513,0,ab
496,5dab7288a84cbc91603d,5 of 5 look alikes not green w green background,1,0,https://artbreeder.com/i?k=5dab7288a84cbc91603d,0,ab
497,6f133834a9cf465a78d2,"green skin, big green eyes, orange hair, not very gobliny",2,1,https://artbreeder.com/i?k=6f133834a9cf465a78d2,0,ab
498,d91d6039b65c12eaa36d,"emerald green skin, magenta eyebrows",3,1,https://artbreeder.com/i?k=d91d6039b65c12eaa36d,0,ab
499,2dc5a575e28db7a4b590,,5,1,https://artbreeder.com/i?k=2dc5a575e28db7a4b590,0,ab
500,d981299e0ad5069db008,,5,1,https://artbreeder.com/i?k=d981299e0ad5069db008,0,ab
501,ecda25981f2515bb7e96,"very similar to a number of others, red hair, red eyes, earrings",5,1,https://artbreeder.com/i?k=ecda25981f2515bb7e96,1,ab
502,b983613f139943ee0dc4,"red hair, red eyes, earrings",5,1,https://artbreeder.com/i?k=b983613f139943ee0dc4,0,ab
503,0cc89088cfd3ce006b94,"red hair, dark skin, neutral expression",5,1,https://artbreeder.com/i?k=0cc89088cfd3ce006b94,0,ab
504,5a636468d167ebf351e7,,5,1,https://artbreeder.com/i?k=5a636468d167ebf351e7,0,ab
505,4a5cb462c8804585c549,very similar to at least 4 others,5,1,https://artbreeder.com/i?k=4a5cb462c8804585c549,1,ab
506,45c1bb7701f4b6340e60,"large ears, red hair, smooth skin",5,1,https://artbreeder.com/i?k=45c1bb7701f4b6340e60,0,ab
507,5dc7f9307b81ad31f4c0,"red hair, smooth skin, startled expression",5,1,https://artbreeder.com/i?k=5dc7f9307b81ad31f4c0,0,ab
508,64c915e5414b85e86881,,5,1,https://artbreeder.com/i?k=64c915e5414b85e86881,0,ab
509,ed05001933eca0420a9c,red eyes,5,1,https://artbreeder.com/i?k=ed05001933eca0420a9c,0,ab
510,496c8d3b726d8a6436f0,red eyes,5,1,https://artbreeder.com/i?k=496c8d3b726d8a6436f0,0,ab
511,6b7fd3dfa5040c10946e,red eyes,5,1,https://artbreeder.com/i?k=6b7fd3dfa5040c10946e,1,ab
512,84446531f735594135e8,red eyes,5,1,https://artbreeder.com/i?k=84446531f735594135e8,0,ab
513,d30641659ce2364c2d05,"long reddish hair, red eyes",5,1,https://artbreeder.com/i?k=d30641659ce2364c2d05,0,ab
514,5a5634969f08f2a07773,"very similar to a number of others, red hair, red eyes, earrings",5,1,https://artbreeder.com/i?k=5a5634969f08f2a07773,0,ab
515,9bb6eaf5a8a1829e4be3,red eyes,5,1,https://artbreeder.com/i?k=9bb6eaf5a8a1829e4be3,0,ab
516,93a806afada49c9dcf0d,red eyes,5,1,https://artbreeder.com/i?k=93a806afada49c9dcf0d,0,ab
517,3cfb8522b0841da878c3,"red hair, cautious expression",5,1,https://artbreeder.com/i?k=3cfb8522b0841da878c3,0,ab
518,780743a9837250711b65,"very similar to a number of others, red hair, red eyes, earrings, small nose",5,1,https://artbreeder.com/i?k=780743a9837250711b65,1,ab
519,f7090f3db303fd390c15,red eyes,5,1,https://artbreeder.com/i?k=f7090f3db303fd390c15,0,ab
520,ba487dc039ce3477e2aa,red eyes,5,1,https://artbreeder.com/i?k=ba487dc039ce3477e2aa,0,ab
521,98fcb77da2ea9eb8caa4,red eyes,5,1,https://artbreeder.com/i?k=98fcb77da2ea9eb8caa4,0,ab
522,d87ef081764304c4223f,,5,1,https://artbreeder.com/i?k=d87ef081764304c4223f,0,ab
523,b178f55c7a055e3969c4,"bald, clown, white pink skin",1,0,https://artbreeder.com/i?k=b178f55c7a055e3969c4,0,ab
524,cac325bd305854460102,,1,1,https://artbreeder.com/i?k=cac325bd305854460102,0,ab
525,482f2fc3679d9d6c67aa,"blue skin, big blue hair, blue lips",5,0,https://artbreeder.com/i?k=482f2fc3679d9d6c67aa,0,ab
526,04b20f9d22f676306841,"white short hair, yellow skin, red lips, more fairy than goblin",5,0,https://artbreeder.com/i?k=04b20f9d22f676306841,0,ab
527,c02c869bd162a4ebfe23,,5,0,https://artbreeder.com/i?k=c02c869bd162a4ebfe23,0,ab
528,df46cb8214f85522e85e,,5,1,https://artbreeder.com/i?k=df46cb8214f85522e85e,0,ab
529,e1f67bdbec4d7d1c3f87,mermaid,3,0,https://artbreeder.com/i?k=e1f67bdbec4d7d1c3f87,0,ab
530,e34a6f20d676ef2ee8ed,mermaid,4,1,https://artbreeder.com/i?k=e34a6f20d676ef2ee8ed,0,ab
531,c9c1e249c32a11dfe4d1,"bizarre, low quality",3,0,https://artbreeder.com/i?k=c9c1e249c32a11dfe4d1,1,ab
532,d4afdac87ffb9b0e63a7,"bald, teary eyes",1,1,https://artbreeder.com/i?k=d4afdac87ffb9b0e63a7,0,ab
533,58114c74ab78fdd721e0,"male, not green, funky distortion, pink skin",1,1,https://artbreeder.com/i?k=58114c74ab78fdd721e0,0,ab
534,6bebf459f8803098d623,male not green,1,0,https://artbreeder.com/i?k=6bebf459f8803098d623,1,ab
535,e14286ef1cd83a2bcb99,male not green,1,0,https://artbreeder.com/i?k=e14286ef1cd83a2bcb99,0,ab
536,2cd41f5a095813cff563,"male not green, space alien, bald",1,0,https://artbreeder.com/i?k=2cd41f5a095813cff563,0,ab
537,f2a8b934a4f0e581061b,red eyes,5,1,https://artbreeder.com/i?k=f2a8b934a4f0e581061b,0,ab
538,7b2394b181ccb60f79b3,,5,1,https://artbreeder.com/i?k=7b2394b181ccb60f79b3,0,ab
539,c2b4cdcb104f1717681c,bald,1,1,https://artbreeder.com/i?k=c2b4cdcb104f1717681c,0,ab
540,f8433e1eefd873ea445e,bald,1,0,https://artbreeder.com/i?k=f8433e1eefd873ea445e,0,ab
541,68993873a8cd461c4d54,bald,1,0,https://artbreeder.com/i?k=68993873a8cd461c4d54,0,ab
542,0093565172f159be13a8,"bald, pointed ears, red lipstick, pouting expression, annoyed expression",2,0,https://artbreeder.com/i?k=0093565172f159be13a8,0,ab
543,30d9d50aa57d1a60df4a,"blue skin, neutral expression, slender nose, dark hair, more human than goblin",5,0,https://artbreeder.com/i?k=30d9d50aa57d1a60df4a,0,ab
544,9b1505bf562f8696c43f,bald,2,0,https://artbreeder.com/i?k=9b1505bf562f8696c43f,0,ab
545,947e5b63c369b1e2d7f0,,3,0,https://artbreeder.com/i?k=947e5b63c369b1e2d7f0,0,ab
546,d984cd19adca6549a7f0,red lipstick,5,0,https://artbreeder.com/i?k=d984cd19adca6549a7f0,0,ab
547,09cfa8695bdbd5edd011,"purple clown, yellow long hair",2,0,https://artbreeder.com/i?k=09cfa8695bdbd5edd011,0,ab
548,0327fa95dc464bc30174,"beard, big hair, red pink skin, smug expression, red background",2,0,https://artbreeder.com/i?k=0327fa95dc464bc30174,0,ab
549,725ab7e315beeb9f0315,bald,1,1,https://artbreeder.com/i?k=725ab7e315beeb9f0315,0,ab
550,6062de14993d306b8235,long blue hair,5,1,https://artbreeder.com/i?k=6062de14993d306b8235,0,ab
551,26a4cdb15767f204ecc6,"beard, magenta skin",1,0,https://artbreeder.com/i?k=26a4cdb15767f204ecc6,1,ab
552,aeee61dd852f64b86730,,1,0,https://artbreeder.com/i?k=aeee61dd852f64b86730,0,ab
553,e26d24bf277af1b6589c,"blue skin, beard",1,0,https://artbreeder.com/i?k=e26d24bf277af1b6589c,0,ab
554,66b84be3982fd2a86bd6,blue skin,2,0,https://artbreeder.com/i?k=66b84be3982fd2a86bd6,0,ab
555,6ea4698b809f48d70cbc,,1,0,https://artbreeder.com/i?k=6ea4698b809f48d70cbc,0,ab
556,d976c19a608635f9b392,,1,0,https://artbreeder.com/i?k=d976c19a608635f9b392,0,ab
557,e17e616296b24c215b6a,,1,0,https://artbreeder.com/i?k=e17e616296b24c215b6a,1,ab
558,bba525290e0b3724fc36,"red skin, weird, bald",1,0,https://artbreeder.com/i?k=bba525290e0b3724fc36,1,ab
559,af15f95e222ede8dece1,more human than goblin,1,0,https://artbreeder.com/i?k=af15f95e222ede8dece1,1,ab
560,8d7b7c4e3cef80638b52,,1,1,https://artbreeder.com/i?k=8d7b7c4e3cef80638b52,0,ab
561,81aa1eede8a0bc886d60,bald,1,1,https://artbreeder.com/i?k=81aa1eede8a0bc886d60,0,ab
562,1f9b5a9bb2ea2be3ab5e,frowning,1,1,https://artbreeder.com/i?k=1f9b5a9bb2ea2be3ab5e,0,ab
563,4a9ee9b4c1047a7da043,slick back hair,1,1,https://artbreeder.com/i?k=4a9ee9b4c1047a7da043,0,ab
564,0f46f5eed25d7385c77c,"frowning, crew cut hair, thin nose, big ears",1,1,https://artbreeder.com/i?k=0f46f5eed25d7385c77c,0,ab
565,383199dbc541e7baa918,"frowning, crew cut hair, thin nose",1,1,https://artbreeder.com/i?k=383199dbc541e7baa918,0,ab
566,4f15139fd90fa183c844,"pointed ears, hat",4,1,https://artbreeder.com/i?k=4f15139fd90fa183c844,0,ab
567,fb7e7c95d758e83871d6,"pointed ears, stern expression",1,1,https://artbreeder.com/i?k=fb7e7c95d758e83871d6,0,ab
568,c33dcbbd0ce650e47d27,"bald, pointed ears",1,0,https://artbreeder.com/i?k=c33dcbbd0ce650e47d27,0,ab
569,c17efed33010a883d0dd,"bald, pointed ears",1,1,https://artbreeder.com/i?k=c17efed33010a883d0dd,0,ab
570,d883758e97ef0e33b62e,"bald, pointed ears",1,1,https://artbreeder.com/i?k=d883758e97ef0e33b62e,0,ab
571,6530a97b50814f1419be,"bald, pointed ears",1,1,https://artbreeder.com/i?k=6530a97b50814f1419be,0,ab
572,303946a95846820d3e03,"hat, frowning, big pointed ears",2,1,https://artbreeder.com/i?k=303946a95846820d3e03,0,ab
573,7fa9a638fb23627be921,"bald, pointed ears",1,1,https://artbreeder.com/i?k=7fa9a638fb23627be921,0,ab
574,8a40feab5bff2f9d94c3,"bald, pointed ears",1,0,https://artbreeder.com/i?k=8a40feab5bff2f9d94c3,0,ab
575,6bb2e8ff91c7bc480d96,"bald, pointed ears",1,0,https://artbreeder.com/i?k=6bb2e8ff91c7bc480d96,0,ab
576,0d102f653e5a0e61afba,"big pointed ears, bald",1,0,https://artbreeder.com/i?k=0d102f653e5a0e61afba,0,ab
577,2ace1500d966c9f4b208,"bald, pointed ears",1,1,https://artbreeder.com/i?k=2ace1500d966c9f4b208,0,ab
578,f88ba7e6d4672d5cb6c3,"bald, pointed ears",1,1,https://artbreeder.com/i?k=f88ba7e6d4672d5cb6c3,0,ab
579,83fa0979063b491e9dadbff8,"bald, pointed ears",1,1,https://artbreeder.com/i?k=83fa0979063b491e9dadbff8,0,ab
580,1cd12cb2231455244be8,pointed ears,1,1,https://artbreeder.com/i?k=1cd12cb2231455244be8,0,ab
581,e5e526e7dfc0c681aa5f,"bald, pointed ears",1,1,https://artbreeder.com/i?k=e5e526e7dfc0c681aa5f,0,ab
582,cb8786c71bb22ca68b55,"young, red eys",5,1,https://artbreeder.com/i?k=cb8786c71bb22ca68b55,0,ab
583,93b694943ce8f1995178,,4,1,https://artbreeder.com/i?k=93b694943ce8f1995178,0,ab
584,0f9ea3377a78bc78c7f8,"smiling, chin up",4,1,https://artbreeder.com/i?k=0f9ea3377a78bc78c7f8,0,ab
585,e35018255f87848643f5,,5,1,https://artbreeder.com/i?k=e35018255f87848643f5,0,ab
586,1804de21ead7bd9ed4b4,"white skin, bald, female",5,0,https://artbreeder.com/i?k=1804de21ead7bd9ed4b4,0,ab
587,cd729870966e8d027260,"white, bald",3,0,https://artbreeder.com/i?k=cd729870966e8d027260,0,ab
588,ed0b681dff1d4d6c4370,"big ears, orange eyes",1,1,https://artbreeder.com/i?k=ed0b681dff1d4d6c4370,0,ab
589,5b1ffb453433faad4051,"hat, green skin, style of painting",2,1,https://artbreeder.com/i?k=5b1ffb453433faad4051,0,ab
590,63c976590373ca35074d,hat,3,1,https://artbreeder.com/i?k=63c976590373ca35074d,0,ab
591,665a6b5f4a1727db61ff,"bald, neon pink and white skin, pointed ears",2,1,https://artbreeder.com/i?k=665a6b5f4a1727db61ff,0,ab
592,7c3c1495cff173bb95aa,hat,2,1,https://artbreeder.com/i?k=7c3c1495cff173bb95aa,0,ab
593,65bad3d93f83e2883612,"bald, vibrant green skin, pointed ears, style of paint",1,1,https://artbreeder.com/i?k=65bad3d93f83e2883612,0,ab
594,4a04da88d8c6ccc395ea,"whitish blue skin, big pointed ears, dour expression, hat",2,0,https://artbreeder.com/i?k=4a04da88d8c6ccc395ea,0,ab
595,a29fae3b2b673bf7e39a,"white skin, clown, red lips, wide eyes",1,0,https://artbreeder.com/i?k=a29fae3b2b673bf7e39a,1,ab
596,0078f2ae5ef488769386,"white skin, big pointed ears, cat eyes, alien",2,0,https://artbreeder.com/i?k=0078f2ae5ef488769386,0,ab
597,ef570ea5879408c23c9e,"white, Dr Seuss, weird",3,0,https://artbreeder.com/i?k=ef570ea5879408c23c9e,0,ab
598,057452669164b8876e8d,"glasses, brown hair, brown skin, style of glossy oil painting",2,0,https://artbreeder.com/i?k=057452669164b8876e8d,0,ab
599,19ed9003882d96b639ea,"bloated expression, beard, bald head",1,0,https://artbreeder.com/i?k=19ed9003882d96b639ea,0,ab
600,1fa34cf357ff59fefe20,"shiny, glossy, high pointed ears, vividly green skin, bald, mildly annoyed expression",2,1,https://artbreeder.com/i?k=1fa34cf357ff59fefe20,0,ab
601,9e8d9cb8291816b2c8c5,"caricature, red lips, pink skin, blonde hair",3,0,https://artbreeder.com/i?k=9e8d9cb8291816b2c8c5,1,ab
602,2ecf45a1a9c4599fdb07,"caricature, clown, red hair, blue eyes, red lips, pink grey skin, red nose",2,0,https://artbreeder.com/i?k=2ecf45a1a9c4599fdb07,0,ab
603,cd1bff6167c62e4d3320,"caricature, pink skin",1,0,https://artbreeder.com/i?k=cd1bff6167c62e4d3320,0,ab
604,257703cb1d28b261923a,"bald, neutral expression, very green skin, pointed ears",1,1,https://artbreeder.com/i?k=257703cb1d28b261923a,0,ab
605,d24621e25c6205c6e49e,blue skin,1,0,https://artbreeder.com/i?k=d24621e25c6205c6e49e,0,ab
606,698aeef97c567d73d01b,"brown skin, blue eyes, high pointed ears",1,0,https://artbreeder.com/i?k=698aeef97c567d73d01b,0,ab
607,0259600a52e83b490d26,"big pointed ears, golden skin, neutral expression",1,0,https://artbreeder.com/i?k=0259600a52e83b490d26,0,ab
608,6dadd0fcea0b43c98e8d,bald,1,0,https://artbreeder.com/i?k=6dadd0fcea0b43c98e8d,0,ab
609,64503f0354a7408e6610,bald,2,0,https://artbreeder.com/i?k=64503f0354a7408e6610,0,ab
610,85e424cc5a2306e98cdc,bald,1,0,https://artbreeder.com/i?k=85e424cc5a2306e98cdc,0,ab
611,b5169b297e6b0057dc32,bald,1,0,https://artbreeder.com/i?k=b5169b297e6b0057dc32,0,ab
612,1f9d0df78017f2b10f52,"bald, white grey skin, pink lipstick",2,0,https://artbreeder.com/i?k=1f9d0df78017f2b10f52,0,ab
613,a38234fecc0700df1db9,bald,2,0,https://artbreeder.com/i?k=a38234fecc0700df1db9,0,ab
614,6595afb5df64b1b71952,"clown, yellow hair",3,0,https://artbreeder.com/i?k=6595afb5df64b1b71952,0,ab
615,e733a4daf657e473b502,,1,1,https://artbreeder.com/i?k=e733a4daf657e473b502,0,ab
616,79dc30a03968d45335f2,,1,1,https://artbreeder.com/i?k=79dc30a03968d45335f2,0,ab
617,92d196d8ae272424fc32,"big pointed ears, pale green skin",1,1,https://artbreeder.com/i?k=92d196d8ae272424fc32,0,ab
618,e9a54648ffbdbd5935e4,,4,1,https://artbreeder.com/i?k=e9a54648ffbdbd5935e4,0,ab
619,2f7ab09c67e6d91363d4,neutral expression,3,1,https://artbreeder.com/i?k=2f7ab09c67e6d91363d4,0,ab
620,419e6a9874886a85ea65,"hair piled high, red eyes, green skin",5,1,https://artbreeder.com/i?k=419e6a9874886a85ea65,0,ab
621,4c58a8c58fc34cb21dae,,5,1,https://artbreeder.com/i?k=4c58a8c58fc34cb21dae,0,ab
622,31839b958d655edf9e05,"short hair, olive skin, neutral expression",5,1,https://artbreeder.com/i?k=31839b958d655edf9e05,0,ab
623,61d5e3f226d7771358cf,"green, dramatic blue hair",5,1,https://artbreeder.com/i?k=61d5e3f226d7771358cf,0,ab
624,eb04a49936025cb6e08d,green,5,1,https://artbreeder.com/i?k=eb04a49936025cb6e08d,0,ab
625,61693c1e27abe6e09d54,green,5,1,https://artbreeder.com/i?k=61693c1e27abe6e09d54,0,ab
626,83028dced10caf20b858,green,5,1,https://artbreeder.com/i?k=83028dced10caf20b858,0,ab
627,aa1859fa8d1a339ee95b,green,5,1,https://artbreeder.com/i?k=aa1859fa8d1a339ee95b,0,ab
628,e62d339b18719b635127,green,5,1,https://artbreeder.com/i?k=e62d339b18719b635127,0,ab
629,6bd402069251fb41fe8e,green,5,1,https://artbreeder.com/i?k=6bd402069251fb41fe8e,0,ab
630,941f36e33f66042d10bf,green,5,1,https://artbreeder.com/i?k=941f36e33f66042d10bf,0,ab
631,5b4a0cc9f8da6fe156ab,green,5,1,https://artbreeder.com/i?k=5b4a0cc9f8da6fe156ab,0,ab
632,58c6726e5984abd73822,green,5,1,https://artbreeder.com/i?k=58c6726e5984abd73822,0,ab
633,80a45ec813f6cf711fa8,green,5,1,https://artbreeder.com/i?k=80a45ec813f6cf711fa8,0,ab
634,a6c15af55d332bef24f7,green,5,1,https://artbreeder.com/i?k=a6c15af55d332bef24f7,0,ab
635,ae0b032afae5416cf275,green,5,1,https://artbreeder.com/i?k=ae0b032afae5416cf275,0,ab
636,70a79f93bfba321b89dc,green,5,1,https://artbreeder.com/i?k=70a79f93bfba321b89dc,0,ab
637,c64f366db72f5890c207,green,5,1,https://artbreeder.com/i?k=c64f366db72f5890c207,0,ab
638,f04559d2e06ef81d2980,green,5,1,https://artbreeder.com/i?k=f04559d2e06ef81d2980,0,ab
639,f13badc82178edf039ea,green,5,1,https://artbreeder.com/i?k=f13badc82178edf039ea,0,ab
640,4594c90b5bd0fa3b689b,"green, short hair, red eyes",5,1,https://artbreeder.com/i?k=4594c90b5bd0fa3b689b,0,ab
641,bbfaf2bbcfd49afd7e3e,green,5,1,https://artbreeder.com/i?k=bbfaf2bbcfd49afd7e3e,0,ab
642,31539d8e7680fe0415f6,"green, neutral expression",4,1,https://artbreeder.com/i?k=31539d8e7680fe0415f6,0,ab
643,265de1779beb5435ed39,"green, neutral expression",5,1,https://artbreeder.com/i?k=265de1779beb5435ed39,0,ab
644,f4ae3317d93cf7739ad5,green,4,1,https://artbreeder.com/i?k=f4ae3317d93cf7739ad5,0,ab
645,7cd705a05f49d7884f08,green,5,1,https://artbreeder.com/i?k=7cd705a05f49d7884f08,0,ab
646,7c260f9ff234bdffff14,green,5,1,https://artbreeder.com/i?k=7c260f9ff234bdffff14,0,ab
647,72c9dd59e96a7d24eb81,"green, red eyes",5,1,https://artbreeder.com/i?k=72c9dd59e96a7d24eb81,0,ab
648,41460fd69b50c273172a,"1of 6, green, red eyes, short green hair",5,1,https://artbreeder.com/i?k=41460fd69b50c273172a,0,ab
649,dc4eefc317ab26d98e55,"green, short dark purple hair",5,1,https://artbreeder.com/i?k=dc4eefc317ab26d98e55,0,ab
650,3843591f12aefd21b827,"2 of 6, green, red eyes, short green hair",5,1,https://artbreeder.com/i?k=3843591f12aefd21b827,1,ab
651,137c9db17b0280132066,"3 of 6 green, red eyes, short green hair",5,1,https://artbreeder.com/i?k=137c9db17b0280132066,0,ab
652,244b1c0e787808cbb990,"4 of 6, green, red eyes, short green hair",5,1,https://artbreeder.com/i?k=244b1c0e787808cbb990,0,ab
653,2600903a7c2effdc2233,"5 of 6, green, red eyes, short green hair",5,1,https://artbreeder.com/i?k=2600903a7c2effdc2233,1,ab
654,7db583c3b708805667dc,green,5,1,https://artbreeder.com/i?k=7db583c3b708805667dc,0,ab
655,3a9af7b62c2fe8a90eca,"6 of 6, green, red eyes, short green hair",5,1,https://artbreeder.com/i?k=3a9af7b62c2fe8a90eca,0,ab
656,938c9d2651f331102488,green,5,1,https://artbreeder.com/i?k=938c9d2651f331102488,0,ab
657,e9cd76b2db47306d294f,green,5,1,https://artbreeder.com/i?k=e9cd76b2db47306d294f,0,ab
658,47bdba31352a1f450d93,green,5,1,https://artbreeder.com/i?k=47bdba31352a1f450d93,0,ab
659,86ee33c2184f4ea28278,green,5,1,https://artbreeder.com/i?k=86ee33c2184f4ea28278,0,ab
660,58135606479cf1950b8a,green,5,1,https://artbreeder.com/i?k=58135606479cf1950b8a,0,ab
661,19814683ef3060e48401,delete,5,1,https://artbreeder.com/i?k=19814683ef3060e48401,1,ab
662,0430395cd38013467a15,"blue hair, more fairy than goblin",5,1,https://artbreeder.com/i?k=0430395cd38013467a15,0,ab
663,86d27ba7c961c70c51e4,green,5,1,https://artbreeder.com/i?k=86d27ba7c961c70c51e4,0,ab
664,f2ead3dc9d6ba76b3235,green,5,1,https://artbreeder.com/i?k=f2ead3dc9d6ba76b3235,0,ab
665,1bb4d2fabd4b78a23f98,green,5,1,https://artbreeder.com/i?k=1bb4d2fabd4b78a23f98,0,ab
666,d05e40219e3731d3737c,"green, balding, insane smiling expression",1,1,https://artbreeder.com/i?k=d05e40219e3731d3737c,0,ab
667,051c5f4507bbd2afe1b8,"green, bald",1,1,https://artbreeder.com/i?k=051c5f4507bbd2afe1b8,0,ab
668,058f7663faf943ce875f,"green, child look, smiling",4,1,https://artbreeder.com/i?k=058f7663faf943ce875f,0,ab
669,fca236571f45cd2474ce,"green, red lips slightly parted",5,1,https://artbreeder.com/i?k=fca236571f45cd2474ce,0,ab
670,d77c3447c2e4485dfd61,green,4,1,https://artbreeder.com/i?k=d77c3447c2e4485dfd61,0,ab
671,417f8fc534864f3b06b0,green,5,1,https://artbreeder.com/i?k=417f8fc534864f3b06b0,0,ab
672,939973ec4b16ab1407fd,"green, bald, angry expression",1,1,https://artbreeder.com/i?k=939973ec4b16ab1407fd,0,ab
673,43b21677dcab0ba0b24e,green,5,1,https://artbreeder.com/i?k=43b21677dcab0ba0b24e,0,ab
674,6306806915ba3521c11a,green,5,1,https://artbreeder.com/i?k=6306806915ba3521c11a,0,ab
675,762c7b9d932b9e836a99,"green, bald, style of oil paint",1,1,https://artbreeder.com/i?k=762c7b9d932b9e836a99,0,ab
676,02988d0c0d2a5d15d1b0,"green, short hair, interested expression",5,1,https://artbreeder.com/i?k=02988d0c0d2a5d15d1b0,0,ab
677,c38931afc3762a1f9d6c,green,5,1,https://artbreeder.com/i?k=c38931afc3762a1f9d6c,0,ab
678,c726819555b19dee796d,"big ears, red eyes",1,0,https://artbreeder.com/i?k=c726819555b19dee796d,0,ab
679,f4d63c10f3c59a5af8eb,green,5,1,https://artbreeder.com/i?k=f4d63c10f3c59a5af8eb,0,ab
680,a91cf063ea1e63867ba7,"green, duo color blue and tan, pointed ears, bald, big hoop earrings",1,1,https://artbreeder.com/i?k=a91cf063ea1e63867ba7,0,ab
681,2c22d6ef0d9b750da407,green,5,1,https://artbreeder.com/i?k=2c22d6ef0d9b750da407,0,ab
682,4e8f8656ec155e9d9a67,green,5,1,https://artbreeder.com/i?k=4e8f8656ec155e9d9a67,0,ab
683,0742178d5d2eb0ae4d76,"jaundiced skin, long brown hair, more human than goblin",5,1,https://artbreeder.com/i?k=0742178d5d2eb0ae4d76,0,ab
684,e068439dc3e9b6d44cd8,green,5,1,https://artbreeder.com/i?k=e068439dc3e9b6d44cd8,0,ab
685,63c553420866a733adbe,green,4,1,https://artbreeder.com/i?k=63c553420866a733adbe,0,ab
686,efc036c10d1a87b9d1b5,"green, big ears, wide face",4,1,https://artbreeder.com/i?k=efc036c10d1a87b9d1b5,0,ab
687,114f91b665230b0bf015,"green, looks capable, smiling, earrings",5,1,https://artbreeder.com/i?k=114f91b665230b0bf015,0,ab
688,eb7ea1715161553b81dd,"green, glasses",1,1,https://artbreeder.com/i?k=eb7ea1715161553b81dd,0,ab
689,fc550448be66f2265f79,green,5,1,https://artbreeder.com/i?k=fc550448be66f2265f79,0,ab
690,1d41a196189a668801e9,green,4,1,https://artbreeder.com/i?k=1d41a196189a668801e9,0,ab
691,440731e31a82866f1c83,"green, long hair, facing right",5,1,https://artbreeder.com/i?k=440731e31a82866f1c83,0,ab
692,6b79c3b38f22470d44c0,"vampire looking, not green",1,0,https://artbreeder.com/i?k=6b79c3b38f22470d44c0,1,ab
693,04c9ef9196cb20fdc848,"glasses, tan light brown skin, more human than goblin",4,0,https://artbreeder.com/i?k=04c9ef9196cb20fdc848,1,ab
694,cbda9fd5e73578974316,,1,0,https://artbreeder.com/i?k=cbda9fd5e73578974316,0,ab
695,77c4e0aa5c1a47e9b4d6bdc3,candidate for deletion not face ,3,0,https://artbreeder.com/i?k=77c4e0aa5c1a47e9b4d6bdc3,1,ab
696,9da4cd1dbe24474cbc84c8bf,candidate for deletion not face 2,3,0,https://artbreeder.com/i?k=9da4cd1dbe24474cbc84c8bf,1,ab
697,5aa7c8134e34421b844465ee,candidate for deletion not face 3,3,0,https://artbreeder.com/i?k=5aa7c8134e34421b844465ee,1,ab
698,b57c7dda3daf4562ef14,dark brown or black skin,1,0,https://artbreeder.com/i?k=b57c7dda3daf4562ef14,0,ab
699,508f940c55a36df2d066,,1,0,https://artbreeder.com/i?k=508f940c55a36df2d066,0,ab
700,4857208e4cf2f8928088,,1,0,https://artbreeder.com/i?k=4857208e4cf2f8928088,0,ab
701,8cbf2066cef9510167ee,"green, wet eyes, disappointed expression",1,1,https://artbreeder.com/i?k=8cbf2066cef9510167ee,0,ab
702,3a4d169315355ec67417,3 lookalike children with glasses,4,0,https://artbreeder.com/i?k=3a4d169315355ec67417,0,ab
703,20f2f112de93e7963807,3 lookalike children with glasses,4,0,https://artbreeder.com/i?k=20f2f112de93e7963807,0,ab
704,d4ccaa5b6ffdf183ecda,3 lookalike children with glasses,4,0,https://artbreeder.com/i?k=d4ccaa5b6ffdf183ecda,0,ab
705,7625fe7c4372fb34ff08,"silly, pink skin, black hair",1,0,https://artbreeder.com/i?k=7625fe7c4372fb34ff08,0,ab
706,038cd8a66df7d6f44337,big nose,1,0,https://artbreeder.com/i?k=038cd8a66df7d6f44337,1,ab
707,b69acf6f473ce5c9056e,pink skin,2,0,https://artbreeder.com/i?k=b69acf6f473ce5c9056e,1,ab
708,471dfc6a0788d41f492c,green,5,1,https://artbreeder.com/i?k=471dfc6a0788d41f492c,0,ab
709,1d66fb26915a31eb3d73,"green skin, green hair, cartoon style",5,1,https://artbreeder.com/i?k=1d66fb26915a31eb3d73,0,ab
710,9d7f51f54ecd8267ce73,green,5,1,https://artbreeder.com/i?k=9d7f51f54ecd8267ce73,0,ab
711,06bef952de0917f0b302,"green, fierce expression",4,1,https://artbreeder.com/i?k=06bef952de0917f0b302,0,ab
712,749fe67610ba451ee153,green,5,1,https://artbreeder.com/i?k=749fe67610ba451ee153,0,ab
713,61ddbf9dc4f51acc3a60,"green, bald",1,1,https://artbreeder.com/i?k=61ddbf9dc4f51acc3a60,0,ab
714,f9ddb49999a363a59219,"clown, purple skin, huge smile",1,0,https://artbreeder.com/i?k=f9ddb49999a363a59219,1,ab
715,2333f4aff1db212cad5c,"green, red eyes",3,1,https://artbreeder.com/i?k=2333f4aff1db212cad5c,0,ab
716,4794fc15f56ecab750cf,"green, red eyes",3,1,https://artbreeder.com/i?k=4794fc15f56ecab750cf,0,ab
717,4249b3161603f2d0d9f2,"ogre, stunned expression, bald head, round ears",1,0,https://artbreeder.com/i?k=4249b3161603f2d0d9f2,0,ab
718,7a8a8d9884be3db43e51,green,5,1,https://artbreeder.com/i?k=7a8a8d9884be3db43e51,0,ab
719,de58b89b6daf3d713ae0,"wide eyes, weird",3,0,https://artbreeder.com/i?k=de58b89b6daf3d713ae0,0,ab
720,72ddd2214b4f50e32822,"green grey skin, wide eyes, weird",3,1,https://artbreeder.com/i?k=72ddd2214b4f50e32822,0,ab
721,bf4c009c670ff8ce1adc,green,4,1,https://artbreeder.com/i?k=bf4c009c670ff8ce1adc,0,ab
722,e770f8a574f528eb67b1,what me worry,2,0,https://artbreeder.com/i?k=e770f8a574f528eb67b1,0,ab
723,74ea5eaf06eea08047a9,bald,1,0,https://artbreeder.com/i?k=74ea5eaf06eea08047a9,0,ab
724,4a810bf413dcbad9eded,bald,1,0,https://artbreeder.com/i?k=4a810bf413dcbad9eded,0,ab
725,3cec1ef75f9ae25007a5,"crying, bald",1,0,https://artbreeder.com/i?k=3cec1ef75f9ae25007a5,0,ab
726,dcd17a0383fc680d78df,fancy looking elegant green lady,5,1,https://artbreeder.com/i?k=dcd17a0383fc680d78df,0,ab
727,3e5c1b50835cfb5d5830,green,5,1,https://artbreeder.com/i?k=3e5c1b50835cfb5d5830,0,ab
728,675a71fe6430fdcf57d8,green,5,1,https://artbreeder.com/i?k=675a71fe6430fdcf57d8,0,ab
729,b9cebea5cac97198be62,green,5,1,https://artbreeder.com/i?k=b9cebea5cac97198be62,0,ab
730,5369fc018968ae18edb8,green,5,1,https://artbreeder.com/i?k=5369fc018968ae18edb8,0,ab
731,a617cb7f6c5dd34b7dbe,"smiling wolfman, grey skin, pointed ears",1,0,https://artbreeder.com/i?k=a617cb7f6c5dd34b7dbe,0,ab
732,57545c0e66eaafce80c9,green,5,1,https://artbreeder.com/i?k=57545c0e66eaafce80c9,1,ab
733,63fb6bafa77c6c1bb024,"eyes closed, laughing, pink skin, not goblin",3,0,https://artbreeder.com/i?k=63fb6bafa77c6c1bb024,1,ab
734,fa35eb0d8a85107f2f45,"green skin, long brown hair, female, poor quality, style of amateur cartoon",5,1,https://artbreeder.com/i?k=fa35eb0d8a85107f2f45,0,ab
735,5ed6680b648da151e2c9,"blue skin, bald, laughing, poor quality",2,0,https://artbreeder.com/i?k=5ed6680b648da151e2c9,1,ab
736,f1911d5791d72ec1f339,"poor quality, candidate for deletion, style of illustration and watercolor",1,0,https://artbreeder.com/i?k=f1911d5791d72ec1f339,1,ab
737,e1c539a764bd19f14e5aeb795275,"staring, bald head",2,0,https://artbreeder.com/i?k=e1c539a764bd19f14e5aeb795275,0,ab
738,dceda7a684f849ffe83b216ec8f1,grinning bald head,1,0,https://artbreeder.com/i?k=dceda7a684f849ffe83b216ec8f1,0,ab
739,d6e546a504c12e538b4ad7956ddc,"frowning, medium length white hair",5,0,https://artbreeder.com/i?k=d6e546a504c12e538b4ad7956ddc,0,ab
740,c6bcf2e33cb7949409ef6b5400e9,"pointed ears, wide eyes, reddish brown hair, neutral expression",4,1,https://artbreeder.com/i?k=c6bcf2e33cb7949409ef6b5400e9,0,ab
741,b0c6013224c351ec60f2e5b2fdce,"snorting, laughing expression, green hair",1,1,https://artbreeder.com/i?k=b0c6013224c351ec60f2e5b2fdce,0,ab
742,645430379ba3be36724ca008885b,"bald, faint smile, wide nose, lime green skin",1,1,https://artbreeder.com/i?k=645430379ba3be36724ca008885b,0,ab
743,d64c5650c2a7dbb9c56134523ecf,green skin big eyes,5,1,https://artbreeder.com/i?k=d64c5650c2a7dbb9c56134523ecf,0,ab
744,02427be62a740577b5845d594557,green skin,2,1,https://artbreeder.com/i?k=02427be62a740577b5845d594557,0,ab
745,870d6ca14e0a334fcf57dd99b717,"white hair, green lips",5,1,https://artbreeder.com/i?k=870d6ca14e0a334fcf57dd99b717,0,ab
746,4a9cfaa6f61168fe020c6a7740e7,"bald, big nose, aggressive smile",1,1,https://artbreeder.com/i?k=4a9cfaa6f61168fe020c6a7740e7,0,ab
747,aea0ef58eba73937a7a17d95ea5b,malicious expression,1,1,https://artbreeder.com/i?k=aea0ef58eba73937a7a17d95ea5b,0,ab
748,1d8064ed9bc9656a42b672a8cfb9,"yellow greenish skin, pointed ears",1,1,https://artbreeder.com/i?k=1d8064ed9bc9656a42b672a8cfb9,0,ab
749,1a8ec05aa2941b5d0a85a0cac6ee,pale pink green skin color,5,1,https://artbreeder.com/i?k=1a8ec05aa2941b5d0a85a0cac6ee,0,ab
750,7e1c1b8528677e02722c9f5ef37b,"green skin, greek lips, red eyes",5,1,https://artbreeder.com/i?k=7e1c1b8528677e02722c9f5ef37b,0,ab